repo,language,title,url,comments,labels,created_at,updated_at
microsoft/ebpf-for-windows,C,OpenCppCoverage install step fails silently,https://github.com/microsoft/ebpf-for-windows/issues/5330,0,"['good first issue', 'ebpfjitter', 'triaged', 'P3']",2026-06-01,2026-06-01
microsoft/ebpf-for-windows,C,Cleanup: catch2 now allows multiple threads,https://github.com/microsoft/ebpf-for-windows/issues/4553,0,"['good first issue', 'cleanup', 'triaged', 'P3']",2025-07-31,2026-08-03
microsoft/msquic,C,Miss check for the return value of CXPLAT_ALLOC_NONPAGED and CxPlatPoolAlloc,https://github.com/microsoft/msquic/issues/5233,0,"['good first issue', 'help wanted', 'Area: Testing', 'Triaged', 'HowFound: MSR']",2025-07-10,2026-03-03
microsoft/jbpf,C,jbpf_io_ipc_test passes with error messages,https://github.com/microsoft/jbpf/issues/54,0,"['bug', 'good first issue']",2025-03-17,2025-03-27
microsoft/jbpf,C,Remove JBPF_EXPERIMENTAL_FEATURES from  header files,https://github.com/microsoft/jbpf/issues/26,0,['good first issue'],2024-12-13,2025-03-03
microsoft/ebpf-for-windows,C,Update tests/sample/undocked/map.c,https://github.com/microsoft/ebpf-for-windows/issues/4547,1,"['good first issue', 'cleanup', 'triaged', 'P3']",2025-07-30,2026-08-03
microsoft/ntttcp,C,per-thread throughput is always 0.00 with ntttcp version 5.40.,https://github.com/microsoft/ntttcp/issues/24,1,"['good first issue', 'help wanted']",2025-03-14,2026-02-17
microsoft/ntttcp,C,Incorrect processing of the test pattern,https://github.com/microsoft/ntttcp/issues/23,1,"['good first issue', 'help wanted']",2024-11-14,2026-02-17
microsoft/msquic,C,Support in-memory certificate stores,https://github.com/microsoft/msquic/issues/4951,2,"['good first issue', 'feature request', 'external', 'Area: API', 'Area: Core']",2025-03-27,2026-05-26
microsoft/ebpf-for-windows,C,ebpf-verifier is cloned twice,https://github.com/microsoft/ebpf-for-windows/issues/4174,2,"['good first issue', 'blocked', 'cleanup', 'triaged', 'P3']",2025-02-03,2026-08-03
microsoft/PowerToys,C,.opus support for Peek,https://github.com/microsoft/PowerToys/issues/42576,4,"['Idea-Enhancement', 'Help Wanted', 'Good first issue', 'Status-In progress', 'Product-Peek']",2025-10-18,2026-06-28
microsoft/msquic,C,Failing to use close-on-exec,https://github.com/microsoft/msquic/issues/4980,5,"['good first issue', 'OS: Windows (User)', 'OS: Linux', 'external', 'Bug: Platform', 'Triaged']",2025-04-08,2026-07-15
microsoft/profile-explorer,C#,Mapping code gap?,https://github.com/microsoft/profile-explorer/issues/7,0,"['enhancement', 'good first issue']",2025-02-10,2026-03-27
microsoft/WPF-Samples,C#,Sample Applications Update to Fluent Theme,https://github.com/microsoft/WPF-Samples/issues/680,0,"['easy', 'up-for-grabs', 'help wanted', 'good first issue']",2025-02-03,2025-02-03
microsoft/aspire,C#,[13.5] Capture Paused alignment,https://github.com/microsoft/aspire/issues/19018,1,"['good first issue', 'help wanted', 'area-dashboard']",2026-08-05,2026-08-06
microsoft/aspire,C#,[main] Auto Completion on Structured Logs filter,https://github.com/microsoft/aspire/issues/19015,1,"['good first issue', 'help wanted', 'area-dashboard']",2026-08-05,2026-08-06
microsoft/aspire,C#,[13.5] Logs filter should hide `UTC timestamps` option when `Show timestamps` is disabled,https://github.com/microsoft/aspire/issues/19019,3,"['good first issue', 'help wanted', 'area-dashboard']",2026-08-05,2026-08-06
microsoft/aspire,C#,Provide CSV export option in dashboard console logs,https://github.com/microsoft/aspire/issues/11121,3,"['good first issue', 'help wanted', 'area-dashboard']",2025-08-26,2026-07-04
microsoft/aspire,C#,"[nit]: ""Operation cancelled by user action"" log is too incessant",https://github.com/microsoft/aspire/issues/9311,3,"['good first issue', 'help wanted', 'area-cli']",2025-05-14,2026-08-06
microsoft/mcp,C#,"[COMMUNITY] Auto generate CHANGELOG, including adding contributors for each release",https://github.com/microsoft/mcp/issues/156,4,"['good first issue', 'help wanted', 'server-Azure.Mcp', 'Central-EngSys', 'community contribution']",2025-09-03,2026-07-07
microsoft/aspire,C#,Improve Exception Message for Missing Project Metadata Annotation in ResourceContainerImageBuilder.cs,https://github.com/microsoft/aspire/issues/11299,12,"['good first issue', 'area-app-model']",2025-09-09,2026-05-26
microsoft/snmalloc,C++,Implement accurate size storage for Windows `_msize` and `_recalloc`,https://github.com/microsoft/snmalloc/issues/786,0,"['enhancement', 'good first issue']",2025-07-02,2025-07-02
microsoft/react-native-windows,C++,Scroll wheel behavior differs significantly in new architecture (Windows App SDK) vs WinUI 3 Gallery app,https://github.com/microsoft/react-native-windows/issues/14653,1,"['bug', 'good first issue', 'Area: ScrollView', 'New Architecture', 'Parity: Windows', 'Workstream: Component Parity']",2025-05-08,2025-07-03
microsoft/react-native-windows,C++,Deprecate autolink functionality to copy flags from react-native.config.js into ExperimentalFeature.props.,https://github.com/microsoft/react-native-windows/issues/14601,1,"['good first issue', 'enhancement', 'Code Cleanup', 'Area: Autolinking']",2025-04-22,2025-06-11
microsoft/react-native-windows,C++,[Bug] init-windows adds incorrect name of Native Codegen File Include,https://github.com/microsoft/react-native-windows/issues/15094,4,"['bug', 'good first issue', 'Area: CLI']",2025-08-29,2026-08-04
godotengine/godot,C++,You're breathtaking!,https://github.com/godotengine/godot/issues/100000,34,"['discussion', 'good first issue']",2024-12-04,2026-07-14
godotengine/godot,C++,[TRACKER] Unit tests to add or improve,https://github.com/godotengine/godot/issues/43440,266,"['good first issue', 'tracker', 'topic:tests']",2020-11-10,2026-07-19
mattermost/mattermost-developer-documentation,CSS,Help Wanted: Document how to do local development on a plugin that requires an E20/Enterprise license,https://github.com/mattermost/mattermost-developer-documentation/issues/815,2,"['Help Wanted', 'Needs Documentation', 'Up For Grabs', 'Difficulty/1:Easy', 'Good first issue']",2021-05-04,2024-11-01
mattermost/mattermost-developer-documentation,CSS,Enhance Documentation for Registering Plugins on the Mattermost Webapp Sidebar,https://github.com/mattermost/mattermost-developer-documentation/issues/1352,3,"['Help Wanted', 'Up For Grabs', 'Good first issue']",2024-04-02,2025-12-04
mattermost/mattermost-developer-documentation,CSS,Help Wanted: Gitpod docs have outdated screenshots for the mattermost GitHub repository,https://github.com/mattermost/mattermost-developer-documentation/issues/1244,4,"['Help Wanted', 'Up For Grabs', 'Difficulty/1:Easy', 'Good first issue']",2023-05-04,2026-08-09
mattermost/mattermost-developer-documentation,CSS,Help Wanted: Open all external links in a new browser tab,https://github.com/mattermost/mattermost-developer-documentation/issues/1142,11,"['Help Wanted', 'Good first issue']",2022-10-07,2025-03-19
godotengine/emacs-gdscript-mode,Emacs Lisp,Rewrite gdscript-imenu to provide GDScript-specific tables,https://github.com/godotengine/emacs-gdscript-mode/issues/89,0,"['enhancement', 'good first issue', 'refactor']",2020-09-08,2020-09-08
godotengine/emacs-gdscript-mode,Emacs Lisp,Buffer does not revert or update instantly after formatting buffer,https://github.com/godotengine/emacs-gdscript-mode/issues/88,3,"['bug', 'good first issue']",2020-09-03,2020-09-10
godotengine/godot-benchmarks,GDScript,[Call to Action] Benchmarks for the benchmark server,https://github.com/godotengine/godot-benchmarks/issues/36,5,"['enhancement', 'good first issue']",2023-10-13,2024-06-24
godotengine/godot-benchmarks,GDScript,[TRACKER] Benchmarks to create,https://github.com/godotengine/godot-benchmarks/issues/11,11,"['enhancement', 'good first issue']",2022-08-09,2024-04-30
hashicorp/packer-plugin-azure,Go,Option to delete secret when build_key_vault_name is supplied,https://github.com/hashicorp/packer-plugin-azure/issues/506,0,['good first issue'],2025-07-01,2025-07-04
hashicorp/nomad,Go,unclear message in task event from executor crash,https://github.com/hashicorp/nomad/issues/24220,0,"['theme/driver/exec', 'theme/driver/raw_exec', 'good first issue', 'theme/bad-ux']",2024-10-15,2024-10-15
hashicorp/vault-secrets-operator,Go,Add allowedNamespaces spec to helm chart values.yaml,https://github.com/hashicorp/vault-secrets-operator/issues/426,0,"['enhancement', 'good first issue']",2023-10-24,2023-10-25
hashicorp/pandora,Go,tools/generator-terraform: validation function on lists/sets,https://github.com/hashicorp/pandora/issues/1514,0,"['bug', 'good first issue', 'tool/generator-terraform']",2022-09-16,2022-09-16
hashicorp/waypoint,Go,Replace pluralize helper in user-facing text,https://github.com/hashicorp/waypoint/issues/3446,0,"['enhancement', 'good first issue', 'ui']",2022-06-10,2022-06-15
hashicorp/consul-template,Go,Feature: parseInt and parseFloat should handle json.Number,https://github.com/hashicorp/consul-template/issues/1584,0,"['enhancement', 'good first issue']",2022-05-25,2022-05-25
mattermost/mattermost-plugin-mscalendar,Go,Improve layout of `viewcal` command,https://github.com/mattermost/mattermost-plugin-mscalendar/issues/325,0,"['Good First Issue', 'Hacktoberfest']",2023-08-31,2023-08-31
mattermost/mattermost-plugin-mscalendar,Go,Use button instead of link and update language for `/trigger connect` message,https://github.com/mattermost/mattermost-plugin-mscalendar/issues/316,0,"['Good First Issue', 'Hacktoberfest']",2023-08-31,2023-08-31
mattermost/mattermost-plugin-mscalendar,Go,Review `viewcal` command dates or help text,https://github.com/mattermost/mattermost-plugin-mscalendar/issues/315,0,"['Good First Issue', 'Hacktoberfest']",2023-08-31,2023-08-31
mattermost/mattermost-plugin-apps,Go,Test-App Subscribe commands error when trying to add a bot to the channel,https://github.com/mattermost/mattermost-plugin-apps/issues/461,0,"['Good First Issue', 'Help Wanted', 'Type/Bug', 'Difficulty/2:Medium', 'Tech/Go', 'Up For Grabs']",2023-03-14,2023-03-21
mattermost/release-bot,Go,Improve Bot Metrics,https://github.com/mattermost/release-bot/issues/4,0,"['good first issue', 'help wanted']",2022-09-06,2022-09-06
mattermost/ops-tool,Go,Integrate GitLab with Ops Tool,https://github.com/mattermost/ops-tool/issues/32,0,"['enhancement', 'good first issue', 'help wanted']",2022-08-08,2022-10-04
mattermost/notice-file-generator,Go,Missing dependencies for mattermost-focalboard project,https://github.com/mattermost/notice-file-generator/issues/11,0,"['bug', 'good first issue', 'help wanted']",2022-07-25,2022-07-25
mattermost/notice-file-generator,Go,Unrecognized imports for mattermost-server,https://github.com/mattermost/notice-file-generator/issues/10,0,"['bug', 'good first issue', 'help wanted']",2022-07-25,2022-07-25
mattermost/ops-tool,Go,Mattermost go client usage,https://github.com/mattermost/ops-tool/issues/30,0,"['enhancement', 'good first issue', 'help wanted']",2022-07-08,2022-08-15
mattermost/ops-tool,Go,Add data_source support so Dialog Options will be dynamic,https://github.com/mattermost/ops-tool/issues/29,0,"['enhancement', 'good first issue', 'help wanted']",2022-07-08,2022-08-15
mattermost/ops-tool,Go,Add Support For Multiple Slash Commands,https://github.com/mattermost/ops-tool/issues/27,0,"['enhancement', 'good first issue', 'help wanted']",2022-07-08,2022-07-08
mattermost/ops-tool,Go,Configure Mattermost Server on Startup,https://github.com/mattermost/ops-tool/issues/26,0,"['enhancement', 'good first issue', 'help wanted']",2022-07-08,2022-07-08
mattermost/mattermost-plugin-wrangler,Go,With Mattermost v7.1 the reactions table has a channelid column,https://github.com/mattermost/mattermost-plugin-wrangler/issues/136,0,['good first issue'],2022-07-07,2022-08-02
mattermost/ops-tool,Go,Remove external shell script support,https://github.com/mattermost/ops-tool/issues/23,0,"['bug', 'enhancement', 'good first issue', 'help wanted']",2022-06-27,2022-08-19
mattermost/mattermost-plugin-demo,Go,Make an example of using the Custom Status plugin API methods,https://github.com/mattermost/mattermost-plugin-demo/issues/146,0,"['Type/Enhancement', 'Difficulty/1:Easy', 'Good First Issue', 'Hacktoberfest', 'Help Wanted', 'Tech/Go', 'Up For Grabs']",2021-08-17,2021-10-02
mattermost/mattermost-plugin-mscalendar,Go,Any user-facing error messages should be user-friendly,https://github.com/mattermost/mattermost-plugin-mscalendar/issues/189,0,"['Difficulty/2:Medium', 'Good First Issue', 'Hacktoberfest', 'Help Wanted', 'Tech/Go', 'Up For Grabs', 'Type/Enhancement']",2020-09-07,2021-10-02
mattermost/mattermost-plugin-github,Go,Investigate proper parsing of API errors on webapp side,https://github.com/mattermost/mattermost-plugin-github/issues/337,0,"['Help Wanted', 'Up For Grabs', 'Hacktoberfest', 'Tech/Go', 'Good First Issue', 'Tech/ReactJS', 'Difficulty/1:Easy', 'Type/Task']",2020-07-28,2021-10-02
mattermost/mattermost-plugin-github,Go,"Render markdown in tooltip with post-utils, instead of ReactMarkdown",https://github.com/mattermost/mattermost-plugin-github/issues/327,0,"['Help Wanted', 'Up For Grabs', 'Hacktoberfest', 'Tech/Go', 'Good First Issue', 'Tech/ReactJS', 'Difficulty/1:Easy', 'Type/Enhancement']",2020-07-12,2021-10-02
mattermost/mattermost-plugin-community,Go,Add slash command autocomplete functionality,https://github.com/mattermost/mattermost-plugin-community/issues/16,0,"['Help Wanted', 'Difficulty/1:Easy', 'Good First Issue', 'Hacktoberfest', 'Tech/Go', 'Up For Grabs']",2020-06-10,2021-10-02
mattermost/mattermost-plugin-confluence,Go,"Support notifications to users ""watching"" in Confluence",https://github.com/mattermost/mattermost-plugin-confluence/issues/50,0,"['Type/Enhancement', 'Good First Issue', 'Help Wanted', 'Difficulty/1:Easy', 'Hacktoberfest', 'Tech/Go', 'Up For Grabs']",2020-05-05,2025-03-26
mattermost/mattermost-plugin-confluence,Go,Add per user Authentication for Confluence,https://github.com/mattermost/mattermost-plugin-confluence/issues/49,0,"['Type/Enhancement', 'Good First Issue', 'Help Wanted', 'Difficulty/1:Easy', 'Hacktoberfest', 'Tech/Go', 'Up For Grabs']",2020-05-04,2025-03-26
mattermost/mattermost-plugin-mscalendar,Go,"Allow ""create event"" command to accept spaces in values",https://github.com/mattermost/mattermost-plugin-mscalendar/issues/97,0,"['Difficulty/1:Easy', 'Good First Issue', 'Hacktoberfest', 'Help Wanted', 'Tech/Go', 'Up For Grabs', 'Type/Enhancement']",2020-04-26,2021-10-02
mattermost/mattermost-plugin-github,Go,Create tests for `createIssue()` method,https://github.com/mattermost/mattermost-plugin-github/issues/223,0,"['Help Wanted', 'Up For Grabs', 'Hacktoberfest', 'Tech/Go', 'Good First Issue', 'Type/Enhancement']",2020-03-24,2025-01-09
mattermost/mattermost-plugin-mscalendar,Go,Add mapped Mattermost users as attendees in CreateEvent API method,https://github.com/mattermost/mattermost-plugin-mscalendar/issues/28,0,"['Difficulty/1:Easy', 'Good First Issue', 'Hacktoberfest', 'Help Wanted', 'Tech/Go', 'Up For Grabs', 'Type/Enhancement']",2020-01-29,2021-10-02
hashicorp/terraform-provider-aws,Go,aws_bedrockagentcore_harness is missing additionalAttributes in bedrockModelConfig,https://github.com/hashicorp/terraform-provider-aws/issues/48363,1,"['enhancement', 'good first issue', 'service/bedrockagentcore']",2026-06-11,2026-06-12
hashicorp/terraform-provider-aws,Go,[Docs]: Document necessary dependency between aws_eks_access_entry and aws_eks_access_policy_association,https://github.com/hashicorp/terraform-provider-aws/issues/40951,1,"['documentation', 'good first issue', 'service/eks']",2025-01-15,2025-02-05
hashicorp/packer-plugin-googlecompute,Go,Add disk_attachment labels,https://github.com/hashicorp/packer-plugin-googlecompute/issues/210,1,"['enhancement', 'good first issue']",2024-02-28,2026-07-26
hashicorp/packer-plugin-azure,Go,"Improve error messaging for ""Managed Images not supporting ARM64 images error""",https://github.com/hashicorp/packer-plugin-azure/issues/367,1,"['good first issue', 'sync to jira', 'builder/arm']",2024-01-25,2024-08-28
hashicorp/waypoint,Go,Show job created time in CLI output,https://github.com/hashicorp/waypoint/issues/4293,1,"['enhancement', 'good first issue', 'core/cli']",2022-12-08,2023-05-24
hashicorp/nomad,Go,docs: correctly detail endpoints that support PUT and POST,https://github.com/hashicorp/nomad/issues/15243,1,"['type/bug', 'theme/docs', 'good first issue', 'stage/accepted']",2022-11-14,2023-01-28
hashicorp/terraform-provider-azurerm,Go,r/data_factory_linked_service_postgresql: export `key_vault_connection_string`,https://github.com/hashicorp/terraform-provider-azurerm/issues/16500,1,"['enhancement', 'good first issue', 'service/data-factory']",2022-04-21,2022-05-23
hashicorp/waypoint,Go,Makefile: Add a make target to generate changelog text files,https://github.com/hashicorp/waypoint/issues/3219,1,"['enhancement', 'good first issue']",2022-04-13,2022-04-21
mattermost/mattermost-plugin-google-calendar,Go,`/gcal viewcal` and daily summary show up declined events,https://github.com/mattermost/mattermost-plugin-google-calendar/issues/53,1,"['Good First Issue', 'Hacktoberfest']",2023-09-06,2023-10-13
mattermost/mattermost-plugin-mscalendar,Go,Add space between time and AM/PM for events,https://github.com/mattermost/mattermost-plugin-mscalendar/issues/318,1,"['Good First Issue', 'Hacktoberfest']",2023-08-31,2023-09-01
mattermost/mattermost-plugin-apps,Go,If the App stops running I see a whole HTML response as the error,https://github.com/mattermost/mattermost-plugin-apps/issues/462,1,"['Good First Issue', 'Help Wanted', 'Type/Enhancement', 'Difficulty/1:Easy', 'Up For Grabs']",2023-03-14,2023-03-21
mattermost/mattermost-plugin-mscalendar,Go,Change Azure URL?,https://github.com/mattermost/mattermost-plugin-mscalendar/issues/240,1,"['Difficulty/1:Easy', 'Good First Issue', 'Hacktoberfest', 'Help Wanted', 'Tech/Go', 'Up For Grabs', 'Type/Enhancement']",2022-09-20,2024-11-01
mattermost/mattermost-plugin-wrangler,Go,Wrangling a post does not bring followers over to the new thread,https://github.com/mattermost/mattermost-plugin-wrangler/issues/135,1,['good first issue'],2022-07-05,2024-11-22
mattermost/mattermost-plugin-github,Go,Create Issue modal should disable labels etc instead of hiding the elements,https://github.com/mattermost/mattermost-plugin-github/issues/438,1,"['Help Wanted', 'Up For Grabs', 'Hacktoberfest', 'Good First Issue', 'Tech/ReactJS', 'Difficulty/1:Easy', 'Type/Enhancement', 'Tech/TypeScript']",2021-04-17,2023-02-20
mattermost/mattermost-plugin-nps,Go,Use SiteURL for all calls from the webapp,https://github.com/mattermost/mattermost-plugin-nps/issues/70,1,"['Type/Enhancement', 'Difficulty/1:Easy', 'Good First Issue', 'Hacktoberfest', 'Help Wanted', 'Tech/ReactJS', 'Up For Grabs']",2020-07-21,2021-10-02
mattermost/mattermost-plugin-google-calendar,Go,Improve error handling in `completeCalendar` to avoid panic,https://github.com/mattermost/mattermost-plugin-google-calendar/issues/8,1,"['Help Wanted', 'Good First Issue', 'Type/Bug', 'Difficulty/1:Easy', 'Hacktoberfest', 'Tech/Go', 'Up For Grabs']",2020-04-23,2021-10-02
mattermost/mattermost-plugin-github,Go,Use custom post type to display TODO list,https://github.com/mattermost/mattermost-plugin-github/issues/86,1,"['Help Wanted', 'Up For Grabs', 'Hacktoberfest', 'Tech/Go', 'Good First Issue', 'Tech/ReactJS', 'Difficulty/1:Easy', 'Type/Enhancement']",2019-06-04,2021-10-02
hashicorp/terraform-provider-aws,Go,aws_fms_policy resource_tag_logical_operator not correctly displaying diff during a plan,https://github.com/hashicorp/terraform-provider-aws/issues/47771,2,"['bug', 'good first issue', 'service/fms']",2026-05-05,2026-05-06
hashicorp/terraform-provider-aws,Go,Add private DNS endpoint attribute to `aws_dsql_cluster` resource,https://github.com/hashicorp/terraform-provider-aws/issues/47596,2,"['enhancement', 'good first issue', 'service/dsql']",2026-04-23,2026-04-28
hashicorp/terraform-provider-aws,Go,aws_quicksight_dashboard / aws_quicksight_analysis: scatter_plot_categorically_aggregated_field_wells missing label block,https://github.com/hashicorp/terraform-provider-aws/issues/46529,2,"['enhancement', 'good first issue', 'service/quicksight']",2026-02-17,2026-03-12
hashicorp/terraform-provider-aws,Go,Can't update aws_controltower_baseline resource version,https://github.com/hashicorp/terraform-provider-aws/issues/45871,2,"['bug', 'good first issue', 'service/controltower']",2026-01-08,2026-03-08
hashicorp/terraform-provider-aws,Go,iot_topic_rule CloudWatch metric timestamp Wrong validator,https://github.com/hashicorp/terraform-provider-aws/issues/45375,2,"['bug', 'good first issue', 'service/iot']",2025-12-03,2026-03-11
hashicorp/packer-plugin-azure,Go,Create a technical document giving detailed steps on how to configure Packer to use private Azure vNet with public IP,https://github.com/hashicorp/packer-plugin-azure/issues/503,2,"['enhancement', 'good first issue']",2025-06-24,2025-06-27
hashicorp/terraform-provider-aws,Go,QuickSight reguires Admin or Admin Pro group,https://github.com/hashicorp/terraform-provider-aws/issues/42457,2,"['documentation', 'good first issue', 'service/quicksight']",2025-05-02,2025-05-25
hashicorp/terraform-provider-aws,Go,aws_pipes_pipe resource does not support target Timestream for Live Analytics,https://github.com/hashicorp/terraform-provider-aws/issues/42400,2,"['enhancement', 'good first issue', 'service/pipes']",2025-04-28,2026-03-12
hashicorp/terraform-provider-kubernetes,Go,Add CSI Driver fsGroup Support,https://github.com/hashicorp/terraform-provider-kubernetes/issues/2702,2,"['enhancement', 'stale', 'good first issue']",2025-03-13,2026-07-02
hashicorp/terraform-provider-aws,Go,[Docs]: A notation may cause confusion in import exmaple,https://github.com/hashicorp/terraform-provider-aws/issues/40935,2,"['documentation', 'good first issue', 'service/elbv2']",2025-01-15,2025-03-25
hashicorp/terraform-provider-aws,Go,[Enhancement]: Request warning for possible OpenSearch blue/green deployments,https://github.com/hashicorp/terraform-provider-aws/issues/40045,2,"['enhancement', 'good first issue', 'service/elasticsearch', 'service/opensearch']",2024-11-07,2024-12-09
hashicorp/terraform-provider-aws,Go,[Enhancement]: aws_redshiftserverless_namespace - manageAdminPassword/redshiftIdcApplicationArn,https://github.com/hashicorp/terraform-provider-aws/issues/35135,2,"['enhancement', 'good first issue', 'service/redshiftserverless']",2024-01-04,2025-06-21
hashicorp/packer-plugin-openstack,Go,Verify checksums of images imported via external_source_image_url,https://github.com/hashicorp/packer-plugin-openstack/issues/116,2,"['enhancement', 'good first issue']",2023-11-23,2023-11-28
hashicorp/copywrite,Go,Support overriding `ensureCorrectName` (e.g. support `LICENSE.md` instead of `LICENSE`),https://github.com/hashicorp/copywrite/issues/101,2,"['enhancement', 'good first issue']",2023-10-27,2023-10-31
hashicorp/packer-plugin-qemu,Go,Support multiple accelerators,https://github.com/hashicorp/packer-plugin-qemu/issues/160,2,"['enhancement', 'good first issue']",2023-10-05,2025-11-08
hashicorp/terraform-provider-azurerm,Go,Support for azurerm_relay_namespace/azurerm_relay_hybrid_connection data sources,https://github.com/hashicorp/terraform-provider-azurerm/issues/21144,2,"['new-data-source', 'good first issue', 'service/relay']",2023-03-27,2026-04-15
hashicorp/waypoint,Go,CLI: DRY up how the CLI shows deployment and release URLs,https://github.com/hashicorp/waypoint/issues/4209,2,"['good first issue', 'core/cli']",2022-11-17,2023-01-13
hashicorp/waypoint,Go,UI: `context-create` component should suggest `-server-tls-skip-verify` flag,https://github.com/hashicorp/waypoint/issues/3110,2,"['good first issue', 'ui']",2022-03-17,2022-07-21
mattermost/mattermost-plugin-github,Go,Explain in docs not to fill out the `Enterprise Base URL` config setting if the GH Enterprise instance is hosted on GitHub's domain,https://github.com/mattermost/mattermost-plugin-github/issues/714,2,"['Help Wanted', 'Hacktoberfest', 'Tech/Go', 'Good First Issue', 'Difficulty/1:Easy', 'Type/Enhancement']",2023-11-27,2024-02-05
mattermost/mattermost-plugin-jira,Go,Add `/jira setup` to slash command autocomplete,https://github.com/mattermost/mattermost-plugin-jira/issues/892,2,"['Help Wanted', 'Good First Issue', 'Hacktoberfest', 'Tech/Go', 'Difficulty/1:Easy', 'Type/Enhancement']",2022-11-21,2024-09-19
mattermost/mattermost-plugin-github,Go,Able to Unsubscribe from Repositories without being Subscribed,https://github.com/mattermost/mattermost-plugin-github/issues/546,2,"['Help Wanted', 'Tech/Go', 'Good First Issue', 'Difficulty/1:Easy']",2022-02-27,2022-02-28
mattermost/mattermost-plugin-github,Go,Show author of PR/issue in link tooltip,https://github.com/mattermost/mattermost-plugin-github/issues/439,2,"['Help Wanted', 'Up For Grabs', 'Hacktoberfest', 'Good First Issue', 'Tech/ReactJS', 'Difficulty/1:Easy', '1: UX Review', 'Type/Enhancement', 'Tech/TypeScript']",2021-04-22,2024-11-26
mattermost/mattermost-plugin-github,Go,Support filtering of repositories in RHS,https://github.com/mattermost/mattermost-plugin-github/issues/265,2,"['Help Wanted', 'Up For Grabs', 'Hacktoberfest', 'Good First Issue', 'Tech/ReactJS', 'Difficulty/1:Easy', 'Type/Enhancement']",2020-05-13,2026-02-17
mattermost/mattermost-plugin-mscalendar,Go,Improve Daily Summary weekday setup,https://github.com/mattermost/mattermost-plugin-mscalendar/issues/56,2,"['Difficulty/1:Easy', 'Good First Issue', 'Hacktoberfest', 'Help Wanted', 'Tech/Go', 'Up For Grabs', 'Type/Enhancement']",2020-03-16,2021-10-02
kubernetes/cloud-provider-openstack,Go,[all]: openstack API debugger shows `client.go:128` for all calls,https://github.com/kubernetes/cloud-provider-openstack/issues/2300,3,"['good first issue', 'kind/bug']",2023-07-14,2023-10-19
microsoft/retina,Go,Update documentation with Hubble CLI and Hubble UI deployment instructions on Retina.,https://github.com/microsoft/retina/issues/1387,3,"['area/documentation', 'type/enhancement', 'good first issue', 'scope/S', 'control-plane/hubble']",2025-02-26,2025-05-13
hashicorp/terraform-provider-aws,Go,data/aws_bedrock_foundation_model: modelLifecycle attribute not exposed,https://github.com/hashicorp/terraform-provider-aws/issues/47779,3,"['enhancement', 'good first issue', 'service/bedrock']",2026-05-06,2026-05-31
hashicorp/terraform-provider-aws,Go,"aws_s3tables_table_replication: Create fails with ""A version token is not specified""",https://github.com/hashicorp/terraform-provider-aws/issues/46675,3,"['bug', 'good first issue', 'service/s3tables']",2026-02-26,2026-03-02
hashicorp/terraform-provider-aws,Go,[EMR on EKS] aws_emrcontainers_job_template: add support for job_template_data.parameter_configuration,https://github.com/hashicorp/terraform-provider-aws/issues/46502,3,"['enhancement', 'good first issue', 'service/emrcontainers']",2026-02-16,2026-04-28
hashicorp/terraform-provider-aws,Go,aws_transfer_server::identity_provider_type causes replacement,https://github.com/hashicorp/terraform-provider-aws/issues/46229,3,"['enhancement', 'good first issue', 'service/transfer']",2026-01-30,2026-02-27
hashicorp/terraform-provider-aws,Go,Unable to update a RAM share to use the latest version of a custom permission,https://github.com/hashicorp/terraform-provider-aws/issues/46219,3,"['new-resource', 'good first issue', 'service/ram']",2026-01-29,2026-03-23
hashicorp/terraform-provider-kubernetes,Go,Helper function for creating `env` name/value pair list from a map.,https://github.com/hashicorp/terraform-provider-kubernetes/issues/2767,3,"['enhancement', 'good first issue']",2025-08-15,2026-06-11
hashicorp/terraform-provider-aws,Go,aws_efs_replication_configuration is missing role-arn for cross-account-replication,https://github.com/hashicorp/terraform-provider-aws/issues/42814,3,"['enhancement', 'good first issue', 'service/efs']",2025-05-30,2025-12-09
hashicorp/terraform-provider-aws,Go,[Bug]: SageMaker App Image Config: API rejects valid UID/GID pairs defined in provider schema,https://github.com/hashicorp/terraform-provider-aws/issues/40976,3,"['bug', 'good first issue', 'service/sagemaker']",2025-01-17,2025-03-19
hashicorp/terraform-provider-aws,Go,"[Bug]: aws_emr_cluster Inappropriate value for attribute ""configurations"": string required.",https://github.com/hashicorp/terraform-provider-aws/issues/39959,3,"['documentation', 'good first issue', 'service/emr']",2024-10-31,2024-11-01
hashicorp/terraform-provider-aws,Go,[Enhancement]: aws_sagemaker_domain add Hidden Image Versions options to the studio_web_portal_settings,https://github.com/hashicorp/terraform-provider-aws/issues/39876,3,"['enhancement', 'good first issue', 'service/sagemaker']",2024-10-24,2025-02-27
hashicorp/nomad,Go,Show last job status in UI in jobs list,https://github.com/hashicorp/nomad/issues/23893,3,"['type/enhancement', 'theme/ui', 'good first issue']",2024-08-29,2024-08-30
hashicorp/terraform-provider-vault,Go,Update vault_kubernetes_auth_backend_role Resource to support allowed_kubernetes_namespace_selector Field,https://github.com/hashicorp/terraform-provider-vault/issues/1882,3,"['good first issue', 'feature-parity']",2023-06-02,2024-10-29
hashicorp/nomad,Go,Enable k8s discovery support in go-discover,https://github.com/hashicorp/nomad/issues/16351,3,"['type/enhancement', 'good first issue', 'help-wanted']",2023-03-06,2023-03-06
hashicorp/terraform-provider-azurerm,Go,There are a couple of issues with the Logic apps Standard terraform template shared at https://registry.terraform.io/providers/hashicorp/azurerm/latest/docs/resources/logic_app_standard,https://github.com/hashicorp/terraform-provider-azurerm/issues/18351,3,"['documentation', 'good first issue', 'service/logic', 'v/3.x (legacy)']",2022-09-12,2023-07-19
mattermost/mattermost-plugin-servicenow,Go,Only allow user to select channels to add subscriptions to in which they are channel admins,https://github.com/mattermost/mattermost-plugin-servicenow/issues/188,3,"['Type/Enhancement', 'Good First Issue', 'Help Wanted', 'Tech/Go', 'Up For Grabs']",2023-06-14,2026-04-08
mattermost/mattermost-plugin-github,Go,Support dismissing notifications from the RHS view,https://github.com/mattermost/mattermost-plugin-github/issues/620,3,"['Help Wanted', 'Up For Grabs', 'Hacktoberfest', 'Tech/Go', 'Good First Issue', 'Tech/ReactJS', 'Difficulty/1:Easy', 'Type/Enhancement', 'Tech/TypeScript']",2022-12-01,2026-02-17
mattermost/mattermost-plugin-github,Go,Support tooltip preview on hovering over RHS notifications,https://github.com/mattermost/mattermost-plugin-github/issues/619,3,"['Help Wanted', 'Up For Grabs', 'Hacktoberfest', 'Good First Issue', 'Tech/ReactJS', 'Difficulty/2:Medium', 'Type/Enhancement', 'Tech/TypeScript']",2022-12-01,2026-02-17
mattermost/mattermost-plugin-nps,Go,JS error when telling Surveybot to disable the survey on old post,https://github.com/mattermost/mattermost-plugin-nps/issues/81,3,"['Type/Bug', 'Difficulty/1:Easy', 'Good First Issue', 'Hacktoberfest', 'Help Wanted', 'Tech/ReactJS', 'Up For Grabs']",2020-11-29,2021-10-02
mattermost/mattermost-plugin-zoom,Go,"Synch Status: When on a Zoom call, show as “Busy”",https://github.com/mattermost/mattermost-plugin-zoom/issues/170,3,"['Help Wanted', 'Up For Grabs', 'Tech/Go', 'Hacktoberfest', 'Good First Issue', 'Difficulty/3:Hard', 'Type/Enhancement']",2020-10-02,2022-06-13
mattermost/mattermost-plugin-github,Go,Register autolinks for GitHub URLs,https://github.com/mattermost/mattermost-plugin-github/issues/269,3,"['Help Wanted', 'Up For Grabs', 'Hacktoberfest', 'Tech/Go', 'Good First Issue', 'Difficulty/2:Medium']",2020-05-13,2021-10-02
microsoft/terraform-provider-azuredevops,Go,Full unit test suite isn't running on CI,https://github.com/microsoft/terraform-provider-azuredevops/issues/1439,4,['good first issue'],2025-09-29,2025-10-02
hashicorp/terraform-provider-aws,Go,"aws_storagegateway_smb_file_share: cache_stale_timeout_in_seconds validation rejects 0, but the AWS API accepts it (blocks disabling cache refresh)",https://github.com/hashicorp/terraform-provider-aws/issues/48876,4,"['bug', 'good first issue', 'service/storagegateway']",2026-07-09,2026-07-09
hashicorp/terraform-provider-aws,Go,aws_ec2_transit_gateway_route_table_association support for timeouts block,https://github.com/hashicorp/terraform-provider-aws/issues/42705,4,"['enhancement', 'good first issue', 'timeouts', 'service/transitgateway']",2025-05-21,2025-05-23
hashicorp/terraform-provider-aws,Go,AWS IVS Real Time Stage Terraform Module,https://github.com/hashicorp/terraform-provider-aws/issues/42644,4,"['new-resource', 'good first issue', 'service/ivs']",2025-05-16,2026-06-28
hashicorp/terraform-provider-aws,Go,[Docs]: quicksight_data_source,https://github.com/hashicorp/terraform-provider-aws/issues/41672,4,"['documentation', 'good first issue', 'service/quicksight']",2025-03-05,2025-04-08
hashicorp/terraform-provider-aws,Go,[Bug]: aws_backup_selection `selection_tag` and `resources` do not interact as expected,https://github.com/hashicorp/terraform-provider-aws/issues/41274,4,"['bug', 'documentation', 'good first issue', 'service/backup']",2025-02-07,2025-02-15
hashicorp/nomad,Go,show embedded template diffs line-by-line,https://github.com/hashicorp/nomad/issues/23603,4,"['type/enhancement', 'theme/template', 'good first issue', 'stage/accepted']",2024-07-16,2026-07-24
hashicorp/terraform-provider-aws,Go,[Docs]: Add support for package version overrides on aws_amplify_app resource,https://github.com/hashicorp/terraform-provider-aws/issues/27768,4,"['documentation', 'good first issue', 'service/amplify']",2022-11-11,2025-12-25
hashicorp/terraform-provider-aws,Go,Add CodeArtifact Package Origin Controls,https://github.com/hashicorp/terraform-provider-aws/issues/26623,4,"['enhancement', 'new-resource', 'good first issue']",2022-09-02,2024-08-27
hashicorp/terraform-provider-aws,Go,Cannot get bucket configuration information from s3 data source,https://github.com/hashicorp/terraform-provider-aws/issues/26054,4,"['enhancement', 'good first issue', 'service/s3']",2022-07-29,2024-09-09
hashicorp/terraform-provider-aws,Go,Improve error message when AMI id was recently deregistered,https://github.com/hashicorp/terraform-provider-aws/issues/26046,4,"['enhancement', 'good first issue', 'service/ec2']",2022-07-29,2024-12-08
hashicorp/terraform-provider-aws,Go,AWS network firewall: Ability to attach a firewall policy to a firewall within the same resource,https://github.com/hashicorp/terraform-provider-aws/issues/25352,4,"['enhancement', 'new-resource', 'good first issue', 'service/networkfirewall']",2022-06-15,2026-01-02
hashicorp/consul,Go,[DevOps] `metrics-checker` GitHub Action Update,https://github.com/hashicorp/consul/issues/12515,4,"['good first issue', 'theme/github-management']",2022-03-03,2022-06-09
mattermost/mattermost-plugin-jira,Go,Make epic link selector pull from epics search API,https://github.com/mattermost/mattermost-plugin-jira/issues/978,4,"['Help Wanted', 'Good First Issue', 'Hacktoberfest', 'Tech/ReactJS', 'Tech/Go', 'Tech/TypeScript', 'Difficulty/1:Easy', 'Type/Enhancement']",2023-10-03,2024-11-07
mattermost/mattermost-plugin-nps,Go,Fix for: EnablePermalinkPreviews kills nps plugin,https://github.com/mattermost/mattermost-plugin-nps/issues/85,4,"['Type/Bug', 'Difficulty/1:Easy', 'Good First Issue', 'Help Wanted', 'Tech/Go', 'Up For Grabs']",2021-10-08,2021-11-08
mattermost/mattermost-plugin-github,Go,Only channel admins should be able to create subscription,https://github.com/mattermost/mattermost-plugin-github/issues/488,4,"['Help Wanted', 'Up For Grabs', 'Hacktoberfest', 'Tech/Go', 'Good First Issue', 'Difficulty/1:Easy', 'Type/Enhancement']",2021-10-04,2026-02-17
mattermost/mattermost-plugin-jira,Go,Jira's autolink should support issue links that contain a comment link in the URL,https://github.com/mattermost/mattermost-plugin-jira/issues/773,4,"['Help Wanted', 'Up For Grabs', 'Good First Issue', 'Hacktoberfest', 'Tech/Go', 'Difficulty/1:Easy', 'Type/Enhancement']",2021-06-21,2024-09-18
mattermost/mattermost-plugin-github,Go,Validate syntax when a subscription has an invalid label,https://github.com/mattermost/mattermost-plugin-github/issues/385,4,"['Help Wanted', 'Up For Grabs', 'Hacktoberfest', 'Tech/Go', 'Good First Issue', 'Difficulty/1:Easy', 'Type/Enhancement']",2020-10-07,2024-09-24
mattermost/mattermost-plugin-github,Go,Select types of events to subscribe to in a dialog box,https://github.com/mattermost/mattermost-plugin-github/issues/381,4,"['Help Wanted', 'Up For Grabs', 'Hacktoberfest', 'Tech/Go', 'Good First Issue', 'Difficulty/1:Easy', 'Type/Enhancement']",2020-10-03,2026-02-17
mattermost/mattermost-plugin-demo,Go,"Perform config validation in its own function, rather than using `OnConfigurationChange` to check",https://github.com/mattermost/mattermost-plugin-demo/issues/110,4,"['Good First Issue', 'Hacktoberfest', 'Help Wanted', 'Tech/Go', 'Up For Grabs']",2020-06-09,2023-03-09
mattermost/mattermost-plugin-github,Go,Handle case where sidebar API endpoints return null,https://github.com/mattermost/mattermost-plugin-github/issues/235,4,"['Help Wanted', 'Hacktoberfest', 'Tech/Go', 'Good First Issue', 'Tech/ReactJS', 'Difficulty/1:Easy', 'Type/Bug']",2020-04-02,2026-03-02
kubernetes/autoscaler,Go,Document VPA Helm chart on Kubernetes website,https://github.com/kubernetes/autoscaler/issues/9407,5,"['help wanted', 'area/vertical-pod-autoscaler', 'kind/documentation', 'good first issue']",2026-03-23,2026-05-10
kubernetes/kube-openapi,Go,Having the same type embedded more than once breaks generation,https://github.com/kubernetes/kube-openapi/issues/129,5,"['lifecycle/frozen', 'good first issue']",2019-01-04,2024-11-18
hashicorp/terraform-provider-aws,Go,"[Bug]: aws_elasticache_cluster , redis oss does not support transit_encryption_enabled",https://github.com/hashicorp/terraform-provider-aws/issues/49066,5,"['bug', 'documentation', 'good first issue', 'service/elasticache', 'service/vpc']",2026-07-22,2026-07-24
hashicorp/terraform-provider-aws,Go,[New Resource]: aws_datazone_policy_grant,https://github.com/hashicorp/terraform-provider-aws/issues/46764,5,"['new-resource', 'good first issue', 'service/datazone']",2026-03-05,2026-04-28
hashicorp/terraform-provider-aws,Go,[Bug]: Route 53 Resolver rule resource defines bad defaults for target configuration,https://github.com/hashicorp/terraform-provider-aws/issues/41523,5,"['bug', 'good first issue', 'service/route53resolver']",2025-02-23,2026-03-24
hashicorp/terraform-provider-aws,Go,[Documentation]: Add example for specifying p12 certificate with `aws_sns_platform_application`,https://github.com/hashicorp/terraform-provider-aws/issues/40803,5,"['documentation', 'good first issue', 'service/sns']",2025-01-07,2026-06-06
hashicorp/terraform-provider-aws,Go,[Enhancement]: aws_dms_endpoint add additional redshift_settings parameters,https://github.com/hashicorp/terraform-provider-aws/issues/38814,5,"['enhancement', 'good first issue', 'service/dms']",2024-08-10,2026-06-11
hashicorp/terraform-provider-aws,Go,"[Docs]: Import existing trail using ARN doesn't work, but it does if the trail name is used",https://github.com/hashicorp/terraform-provider-aws/issues/37179,5,"['documentation', 'good first issue', 'service/cloudtrail']",2024-04-30,2025-04-02
hashicorp/terraform-provider-aws,Go,aws_redshiftserverless_namespace restore from snapshot,https://github.com/hashicorp/terraform-provider-aws/issues/35138,5,"['enhancement', 'good first issue', 'service/redshiftserverless']",2024-01-04,2025-01-22
hashicorp/terraform-provider-aws,Go,[Enhancement]: aws_acm_certificate should guide how to import certificates including transparency logging,https://github.com/hashicorp/terraform-provider-aws/issues/35093,5,"['enhancement', 'good first issue', 'service/acm']",2023-12-29,2024-12-25
hashicorp/terraform-provider-aws,Go,[Bug]: Resource aws_s3_bucket_versioning can't be created for s3 outpost bucket,https://github.com/hashicorp/terraform-provider-aws/issues/33119,5,"['enhancement', 'new-resource', 'good first issue', 'service/s3control']",2023-08-21,2024-12-24
hashicorp/nomad,Go,Scale job API endpoint documentation is inconsistent with observed behavior,https://github.com/hashicorp/nomad/issues/13056,5,"['type/bug', 'theme/docs', 'good first issue', 'stage/accepted']",2022-05-18,2022-06-24
mattermost/mattermost-plugin-mscalendar,Go,Re-implement autorespond feature,https://github.com/mattermost/mattermost-plugin-mscalendar/issues/227,5,"['Difficulty/1:Easy', 'Good First Issue', 'Hacktoberfest', 'Help Wanted', 'Tech/Go', 'Up For Grabs', 'Type/Enhancement']",2021-09-13,2023-02-21
mattermost/mattermost-plugin-github,Go,"""Someone replied to your comment thread"" feature",https://github.com/mattermost/mattermost-plugin-github/issues/328,5,"['Help Wanted', 'Hacktoberfest', 'Tech/Go', 'Good First Issue', 'Difficulty/1:Easy', 'Type/Enhancement']",2020-07-15,2026-02-17
mattermost/mattermost-plugin-confluence,Go,Handle React warnings regarding non-DOM properties,https://github.com/mattermost/mattermost-plugin-confluence/issues/46,5,"['Good First Issue', 'Help Wanted', 'Type/Task', 'Hacktoberfest', 'Tech/ReactJS', 'Up For Grabs']",2020-04-28,2021-10-02
mattermost/mattermost-plugin-github,Go,Add alternative sorting functionality for RHS view,https://github.com/mattermost/mattermost-plugin-github/issues/242,5,"['Help Wanted', 'Up For Grabs', 'Hacktoberfest', 'Good First Issue', 'Tech/ReactJS', 'Difficulty/2:Medium', 'Type/Enhancement']",2020-04-15,2026-02-17
kubernetes/kube-state-metrics,Go,Parse Nested Arrays does not work,https://github.com/kubernetes/kube-state-metrics/issues/2368,6,"['kind/support', 'good first issue', 'triage/accepted']",2024-04-10,2025-08-27
hashicorp/terraform-provider-aws,Go,Route53 Resolver Endpoint Hash Function Prevents Multiple IPs per Subnet When IP Address is Auto-Assigned,https://github.com/hashicorp/terraform-provider-aws/issues/43724,6,"['bug', 'good first issue', 'service/route53resolver']",2025-08-05,2025-08-20
hashicorp/terraform-provider-aws,Go,[Enhancement]: `aws_cloudwatch_metric_alarm`: Add validation to prevent specifying both `metric` and `expression`,https://github.com/hashicorp/terraform-provider-aws/issues/41680,6,"['enhancement', 'good first issue', 'service/cloudwatch']",2025-03-05,2026-07-30
hashicorp/terraform-provider-aws,Go,[Enhancement]: aws_athena_prepared_statement: Allow multiline (EOT) query strings to preserve comments and line breaks without update-in-place,https://github.com/hashicorp/terraform-provider-aws/issues/41469,6,"['enhancement', 'good first issue', 'service/athena']",2025-02-19,2025-03-08
hashicorp/nomad,Go,Render JSON String Diffs as JSON,https://github.com/hashicorp/nomad/issues/18103,6,"['type/enhancement', 'good first issue', 'stage/accepted', 'help-wanted']",2023-07-31,2026-08-02
hashicorp/vault-csi-provider,Go,feat: Enable json logging format,https://github.com/hashicorp/vault-csi-provider/issues/177,6,"['enhancement', 'good first issue']",2022-09-01,2025-10-23
hashicorp/terraform-provider-aws,Go,"aws_iam_openid_connect_provider rejects valid ""url""s",https://github.com/hashicorp/terraform-provider-aws/issues/26483,6,"['bug', 'good first issue', 'service/iam']",2022-08-25,2025-02-27
hashicorp/waypoint,Go,Registry insecure flag,https://github.com/hashicorp/waypoint/issues/3333,6,"['bug', 'good first issue', 'plugin/docker']",2022-05-13,2022-11-02
mattermost/mattermost-plugin-jira,Go,"When an issue's assignee changes, the plugin should use the connected user's MM handle in the resulting post",https://github.com/mattermost/mattermost-plugin-jira/issues/943,6,"['Help Wanted', 'Up For Grabs', 'Good First Issue', 'Tech/Go', 'Difficulty/1:Easy', 'Type/Enhancement', 'Type/Question']",2023-05-16,2024-12-19
mattermost/mattermost-plugin-github,Go,Make new events for assigning,https://github.com/mattermost/mattermost-plugin-github/issues/340,6,"['Help Wanted', 'Hacktoberfest', 'Tech/Go', 'Good First Issue', 'Difficulty/1:Easy', 'Type/Enhancement']",2020-07-31,2025-05-06
mattermost/mattermost-plugin-starter-template,Go,Include stubs for all hooks to get going quickly,https://github.com/mattermost/mattermost-plugin-starter-template/issues/110,6,"['Help Wanted', 'Up For Grabs', 'Type/Enhancement', 'Difficulty/1:Easy', 'Good First Issue', 'Hacktoberfest', 'Tech/Go']",2020-07-29,2021-10-02
mattermost/mattermost-plugin-mscalendar,Go,Make the OAuth2 landing page,https://github.com/mattermost/mattermost-plugin-mscalendar/issues/94,6,"['Difficulty/1:Easy', 'Good First Issue', 'Hacktoberfest', 'Help Wanted', 'Tech/Go', 'Up For Grabs', 'Type/Enhancement']",2020-04-26,2024-08-09
kubernetes/perf-tests,Go,Check watch terminations from clusters loader tests,https://github.com/kubernetes/perf-tests/issues/2054,7,"['help wanted', 'kind/feature', 'good first issue']",2022-04-28,2022-11-16
kubernetes/minikube,Go,Wrong error message on minikube tunnel without Administrator privilege on Windows,https://github.com/kubernetes/minikube/issues/9589,7,"['kind/bug', 'help wanted', 'priority/backlog', 'lifecycle/frozen', 'good first issue', 'needs-solution-message']",2020-10-30,2021-09-22
hashicorp/terraform-provider-aws,Go,Error: Unsupported argument: blue_green_update,https://github.com/hashicorp/terraform-provider-aws/issues/44488,7,"['documentation', 'good first issue', 'service/rds']",2025-09-29,2026-01-29
hashicorp/terraform-provider-aws,Go,[Bug]: aws_kinesis_firehose_delivery_stream continually applies cloudwatch_logging_options,https://github.com/hashicorp/terraform-provider-aws/issues/40446,7,"['bug', 'good first issue', 'service/firehose']",2024-12-04,2026-04-03
hashicorp/nomad,Go,retry_join to support digitalocean provider,https://github.com/hashicorp/nomad/issues/18587,7,"['type/enhancement', 'theme/docs', 'theme/discovery', 'good first issue', 'stage/accepted']",2023-09-26,2023-12-23
hashicorp/consul,Go,Metrics missing from documentation,https://github.com/hashicorp/consul/issues/13364,7,"['type/docs', 'good first issue', 'theme/telemetry']",2022-06-04,2025-12-11
hashicorp/nomad,Go,Add AWS instance tags to client metadata,https://github.com/hashicorp/nomad/issues/12537,7,"['type/enhancement', 'theme/fingerprint', 'theme/client', 'good first issue', 'stage/accepted', 'help-wanted']",2022-04-11,2024-04-05
hashicorp/consul,Go,Supporting syntax highlighting for TOML-formatted values when viewing KV in the Consul GUI,https://github.com/hashicorp/consul/issues/12668,7,"['type/enhancement', 'good first issue', 'theme/ui', 'help-wanted', 'theme/kv']",2022-03-31,2025-12-19
mattermost/mattermost-plugin-github,Go,Notification numbers are not properly aligned,https://github.com/mattermost/mattermost-plugin-github/issues/398,7,"['Help Wanted', 'Hacktoberfest', 'Good First Issue', 'Difficulty/1:Easy']",2020-10-21,2024-02-16
mattermost/mattermost-plugin-github,Go,"In RHS, display whether there are linked pull requests to issues, and if there are linked issues for pull requests",https://github.com/mattermost/mattermost-plugin-github/issues/271,7,"['Help Wanted', 'Up For Grabs', 'Hacktoberfest', 'Tech/Go', 'Good First Issue', 'Tech/ReactJS', 'Difficulty/1:Easy', 'Type/Enhancement']",2020-05-14,2023-02-21
layer5io/getnighthawk,Go,[SITE] Nav Bar is missing on the mobile view of the page,https://github.com/layer5io/getnighthawk/issues/258,8,"['good first issue', 'kind/bug', 'framework/jekyll', 'issue/remind', 'area/website']",2022-03-14,2023-11-09
hashicorp/terraform-provider-aws,Go,`aws_elasticache_serverless_cache` Security Group Ids are incorrectly optional.,https://github.com/hashicorp/terraform-provider-aws/issues/43027,8,"['bug', 'good first issue', 'service/elasticache']",2025-06-16,2026-07-16
hashicorp/nomad,Go,Support optional object type attributes in Nomad HCL variables,https://github.com/hashicorp/nomad/issues/25317,8,"['type/enhancement', 'theme/jobspec', 'good first issue', 'theme/hcl', 'stage/accepted', 'hcc/jira']",2025-03-07,2025-08-26
hashicorp/vault-k8s,Go,Configurable default log_level and log_format for injected Vault Agent containers,https://github.com/hashicorp/vault-k8s/issues/417,8,"['enhancement', 'good first issue']",2023-01-28,2025-08-28
hashicorp/nomad,Go,add  `-json` and `-t` options to inspection related cmds,https://github.com/hashicorp/nomad/issues/15894,8,"['type/enhancement', 'theme/cli', 'good first issue', 'stage/accepted']",2023-01-26,2023-07-04
mattermost/mattermost-plugin-mscalendar,Go,Support different time format preferences for the user,https://github.com/mattermost/mattermost-plugin-mscalendar/issues/358,8,"['Good First Issue', 'Help Wanted', 'Up For Grabs']",2024-03-01,2025-10-23
kubernetes/autoscaler,Go,VPA: document behavior for Requests & Limits,https://github.com/kubernetes/autoscaler/issues/7895,9,"['help wanted', 'area/vertical-pod-autoscaler', 'kind/documentation', 'good first issue', 'triage/accepted']",2025-03-06,2026-07-30
kubernetes/kube-state-metrics,Go,Promote experimental metrics,https://github.com/kubernetes/kube-state-metrics/issues/1792,9,['good first issue'],2022-07-19,2025-07-27
kubernetes/perf-tests,Go,Pod startup time phases are inaccurate in longer tests.,https://github.com/kubernetes/perf-tests/issues/2006,9,"['help wanted', 'good first issue', 'area/clusterloader']",2022-03-07,2023-02-08
hashicorp/terraform-provider-kubernetes,Go,Init container doesn't support restart_policy option (to transform it in a sidecar container),https://github.com/hashicorp/terraform-provider-kubernetes/issues/2446,9,"['bug', 'good first issue', 'help wanted', 'k8s/v1.29']",2024-03-18,2025-11-26
hashicorp/nomad,Go,allow `raw_exec` tasks to drop client environment variables,https://github.com/hashicorp/nomad/issues/17650,9,"['type/enhancement', 'theme/driver/raw_exec', 'good first issue', 'stage/accepted', 'help-wanted', 'hcc/jira']",2023-06-21,2025-04-04
hashicorp/nomad,Go,Nomad config validate does not check for missing host_volume directories and daemon fails to start,https://github.com/hashicorp/nomad/issues/16968,9,"['type/enhancement', 'theme/config', 'good first issue', 'stage/accepted']",2023-04-23,2025-12-20
kubernetes/minikube,Go,mikube start fail when --memory is lower than 2500M - missing input validation,https://github.com/kubernetes/minikube/issues/23317,10,"['good first issue', 'area/guest-vm']",2026-07-07,2026-07-18
kubernetes/minikube,Go,test: Remove duplicate kubernetes versions in tests,https://github.com/kubernetes/minikube/issues/21483,10,"['help wanted', 'good first issue']",2025-09-03,2025-12-11
kubernetes/perf-tests,Go,clusterloader2 should be covered with unit tests,https://github.com/kubernetes/perf-tests/issues/572,10,"['help wanted', 'lifecycle/frozen', 'good first issue', 'kind/cleanup', 'area/clusterloader']",2019-06-18,2025-06-04
hashicorp/waypoint,Go,Improve error message if docker desktop is not running,https://github.com/hashicorp/waypoint/issues/3471,10,"['enhancement', 'good first issue']",2022-06-18,2023-01-06
kubernetes/cloud-provider-openstack,Go,[cinder-csi-plugin] Allow StorageClass parameters to be set in Helm chart,https://github.com/kubernetes/cloud-provider-openstack/issues/1980,11,"['good first issue', 'kind/feature', 'lifecycle/stale']",2022-08-31,2023-10-15
kubernetes/perf-tests,Go,Make PV tests work on kubemark clusters,https://github.com/kubernetes/perf-tests/issues/803,11,"['help wanted', 'lifecycle/frozen', 'good first issue', 'area/clusterloader']",2019-09-18,2020-08-06
hashicorp/terraform-provider-azurerm,Go,azurerm_postgresql_flexible_server SKU name validation mismatch between Terraform provider and Azure API,https://github.com/hashicorp/terraform-provider-azurerm/issues/21522,11,"['bug', 'good first issue', 'service/postgresql', 'v/3.x (legacy)', 'upstream/microsoft/waiting-on-service-team']",2023-04-24,2025-04-30
kubernetes/sig-security,Go,tooling: run tests and linters with prow for srctl,https://github.com/kubernetes/sig-security/issues/175,12,"['good first issue', 'help wanted']",2026-02-06,2026-08-07
hashicorp/terraform-provider-aws,Go,Timeout for every account destroy with `close_on_deletion`,https://github.com/hashicorp/terraform-provider-aws/issues/46284,13,"['bug', 'good first issue', 'service/organizations', 'timeouts']",2026-02-03,2026-08-04
hashicorp/terraform-provider-azurerm,Go,"azurerm_kusto_script failing to create, then saying it already exists on rerun",https://github.com/hashicorp/terraform-provider-azurerm/issues/15649,13,"['bug', 'good first issue', 'service/kusto']",2022-03-01,2025-07-17
kubernetes/minikube,Go,minikube should allow 1 cpu --no-kubernetes,https://github.com/kubernetes/minikube/issues/22152,14,"['help wanted', 'good first issue', 'kind/improvement']",2025-12-14,2026-04-12
kubernetes/minikube,Go,--host-only-cidr: invalid CIDR address: '192.168.99.1/24',https://github.com/kubernetes/minikube/issues/7063,14,"['kind/bug', 'help wanted', 'co/virtualbox', 'priority/backlog', 'lifecycle/frozen', 'good first issue']",2020-03-16,2021-05-21
kubernetes/minikube,Go,registry-creds addon: secrets stored with different name to defaults,https://github.com/kubernetes/minikube/issues/2805,14,"['kind/bug', 'help wanted', 'priority/backlog', 'lifecycle/frozen', 'good first issue', 'addon/registry-creds']",2018-05-11,2024-07-10
hashicorp/terraform-provider-helm,Go,the provider continues to reveal sensitive variables during destroy or update in-place,https://github.com/hashicorp/terraform-provider-helm/issues/1287,14,"['bug', 'help wanted', 'upstream-terraform', 'good first issue']",2023-11-09,2025-12-02
kubernetes/autoscaler,Go,"Cluster autoscaler should remove unused ""node-autoprovisioning-enabled"" flag and the related metrics",https://github.com/kubernetes/autoscaler/issues/6228,15,"['help wanted', 'area/cluster-autoscaler', 'kind/bug', 'good first issue', 'area/core-autoscaler', 'triage/accepted']",2023-10-26,2026-04-08
kubernetes/ingress-nginx,Go,Support standard Forwarded header,https://github.com/kubernetes/ingress-nginx/issues/10263,15,"['help wanted', 'kind/feature', 'priority/backlog', 'good first issue', 'triage/accepted']",2023-08-01,2026-02-25
kubernetes/minikube,Go,Minikube tunnel is not working on Windows (endessly trying to add a route),https://github.com/kubernetes/minikube/issues/11645,15,"['kind/bug', 'help wanted', 'priority/important-longterm', 'lifecycle/frozen', 'good first issue', 'area/tunnel']",2021-06-13,2026-08-05
hashicorp/terraform-provider-aws,Go,[Enhancement]: Support updateToLatestImageVersion in aws_batch_compute_environment.compute_resources,https://github.com/hashicorp/terraform-provider-aws/issues/39978,15,"['enhancement', 'good first issue', 'service/batch']",2024-10-31,2025-01-09
hashicorp/terraform-provider-aws,Go, Lifecycle configuration for S3 Bucket failing with time out issue for AWS Provider 4.21.0,https://github.com/hashicorp/terraform-provider-aws/issues/25939,15,"['good first issue', 'service/s3', 'timeouts']",2022-07-22,2025-11-26
kubernetes/minikube,Go,Feature: enable the structured logging for kubernetes components by default,https://github.com/kubernetes/minikube/issues/9268,16,"['help wanted', 'kind/feature', 'priority/backlog', 'lifecycle/frozen', 'good first issue']",2020-09-17,2026-02-18
kubernetes/ingress-nginx,Go,Feature Request: Allow disabling custom-http-errors per ingress,https://github.com/kubernetes/ingress-nginx/issues/8384,17,"['help wanted', 'kind/feature', 'priority/backlog', 'good first issue', 'needs-triage']",2022-03-23,2024-11-06
kubernetes/autoscaler,Go,"Autoscaler 1.25 or later: If a node fails to be deleted, the lastScaleDownFailTime is not refresh.",https://github.com/kubernetes/autoscaler/issues/6313,18,"['help wanted', 'area/cluster-autoscaler', 'kind/bug', 'good first issue', 'area/core-autoscaler', 'triage/accepted']",2023-11-23,2026-04-09
kubernetes/minikube,Go,improve UI advice when user needs to delete the cluster,https://github.com/kubernetes/minikube/issues/10460,18,"['kind/bug', 'priority/backlog', 'lifecycle/frozen', 'good first issue']",2021-02-12,2023-06-07
kubernetes/perf-tests,Go,ClusterLoader: HA cluster support,https://github.com/kubernetes/perf-tests/issues/246,18,"['help wanted', 'lifecycle/frozen', 'good first issue', 'area/clusterloader']",2018-10-15,2020-11-14
kubernetes/kube-state-metrics,Go,Address lint reports,https://github.com/kubernetes/kube-state-metrics/issues/1887,19,['good first issue'],2022-11-08,2023-06-14
kubernetes/perf-tests,Go,NodeKiller seems to be not working in 100 node 1.17 / master performance tests,https://github.com/kubernetes/perf-tests/issues/1005,19,"['help wanted', 'lifecycle/frozen', 'good first issue']",2020-02-03,2020-09-28
kubernetes/perf-tests,Go,Run more linters with golangci-lint,https://github.com/kubernetes/perf-tests/issues/1244,20,"['help wanted', 'lifecycle/frozen', 'good first issue']",2020-05-08,2021-05-31
kubernetes/kubernetes,Go,Give an indication in container events for probe failure as to whether the failure was ignored due to FailureThreshold,https://github.com/kubernetes/kubernetes/issues/115823,22,"['priority/backlog', 'kind/documentation', 'kind/cleanup', 'sig/node', 'help wanted', 'good first issue', 'triage/accepted']",2023-02-16,2026-05-02
kubernetes/minikube,Go,make it obvious in terminal for user if using docker-env,https://github.com/kubernetes/minikube/issues/6489,22,"['kind/documentation', 'kind/feature', 'priority/backlog', 'lifecycle/frozen', 'good first issue', 'co/docker-env']",2020-02-04,2026-04-07
kubernetes/minikube,Go,get ETCD version from kubernetes constants,https://github.com/kubernetes/minikube/issues/11290,23,"['priority/backlog', 'lifecycle/frozen', 'kind/cleanup', 'good first issue']",2021-05-05,2026-06-28
kubernetes/minikube,Go,Document how to run minikube in China,https://github.com/kubernetes/minikube/issues/5020,25,"['help wanted', 'kind/documentation', 'priority/backlog', 'lifecycle/frozen', 'good first issue']",2019-08-08,2025-09-20
kubernetes/ingress-nginx,Go,Distinguish wait-shutdown command from standard k8s SIGTERM,https://github.com/kubernetes/ingress-nginx/issues/6287,32,"['help wanted', 'kind/feature', 'priority/backlog', 'good first issue', 'needs-triage']",2020-10-06,2024-07-17
kubernetes/kubernetes,Go,Node lifecycle controller does not `markPodsNotReady` when the node `Ready` state changes from `false` to `unknown`,https://github.com/kubernetes/kubernetes/issues/112733,33,"['kind/bug', 'sig/node', 'help wanted', 'good first issue', 'triage/accepted']",2022-09-26,2026-08-10
kubernetes/kubernetes,Go,"kubelet parameter(eviction-max-pod-grace-period ), not work as expected like officical comment.",https://github.com/kubernetes/kubernetes/issues/118172,37,"['kind/bug', 'priority/backlog', 'kind/documentation', 'sig/node', 'help wanted', 'priority/important-longterm', 'good first issue', 'triage/accepted']",2023-05-22,2026-05-26
kubernetes/kubernetes,Go,NetworkPolicy tests for blocking north/south traffic,https://github.com/kubernetes/kubernetes/issues/114369,38,"['priority/backlog', 'sig/network', 'help wanted', 'good first issue', 'triage/accepted', 'area/network-policy']",2022-12-08,2026-07-15
kubernetes/perf-tests,Go,Create api-availability measurement,https://github.com/kubernetes/perf-tests/issues/1096,38,"['help wanted', 'lifecycle/stale', 'good first issue']",2020-03-03,2023-06-02
kubernetes/kubernetes,Go,add and use alternative APIs which support contextual logging,https://github.com/kubernetes/kubernetes/issues/126379,40,"['area/logging', 'kind/feature', 'help wanted', 'sig/instrumentation', 'good first issue', 'triage/accepted', 'wg/structured-logging']",2024-07-26,2026-07-17
kubernetes/kube-state-metrics,Go,Missing replacement config for VPA collector in CRM,https://github.com/kubernetes/kube-state-metrics/issues/2041,41,"['kind/documentation', 'good first issue', 'triage/accepted']",2023-04-05,2025-08-11
kubernetes/kubernetes,Go,"Write the stress test for gRPC, http, and tcp probes",https://github.com/kubernetes/kubernetes/issues/115782,41,"['priority/backlog', 'kind/cleanup', 'sig/node', 'help wanted', 'good first issue', 'needs-triage']",2023-02-15,2026-08-02
kubernetes/kubernetes,Go,tracker: improve the kubelet test coverage,https://github.com/kubernetes/kubernetes/issues/109717,51,"['sig/node', 'help wanted', 'good first issue', 'needs-triage']",2022-04-29,2026-08-02
kubernetes/kubernetes,Go,Migrate DRA components to support granular authorization on status updates,https://github.com/kubernetes/kubernetes/issues/138149,73,"['sig/network', 'sig/node', 'sig/auth', 'help wanted', 'good first issue', 'triage/accepted', 'wg/device-management']",2026-04-01,2026-07-25
microsoft/edge-ai,HCL,chore(python): add pip lock files for reproducible builds,https://github.com/microsoft/edge-ai/issues/167,0,"['enhancement', 'good first issue', 'configuration']",2026-02-08,2026-04-19
microsoft/edge-ai,HCL,docs(testing): add regression test tracking policy,https://github.com/microsoft/edge-ai/issues/176,1,"['documentation', 'enhancement', 'good first issue']",2026-02-08,2026-06-19
microsoft/edge-ai,HCL,docs(testing): update testing-validation.md to reflect actual test frameworks,https://github.com/microsoft/edge-ai/issues/144,1,"['documentation', 'good first issue']",2026-02-07,2026-06-11
microsoft/edge-ai,HCL,chore(rust): standardize strip = true across all Rust crates,https://github.com/microsoft/edge-ai/issues/177,2,"['enhancement', 'good first issue', 'configuration', 'rust']",2026-02-08,2026-04-10
microsoft/edge-ai,HCL,docs(changelog): add CHANGELOG.md generation,https://github.com/microsoft/edge-ai/issues/143,3,"['documentation', 'enhancement', 'good first issue']",2026-02-07,2026-07-30
kubernetes/k8s.io,HCL,[Umbrella Issue] Migrate CNCF Ecosystem projects from k8s.gcr.io to registry.k8s.io,https://github.com/kubernetes/k8s.io/issues/4780,37,['good first issue'],2023-02-16,2025-12-26
cncf/glossary,HTML,[es] A report to track and reflect updates of English content,https://github.com/cncf/glossary/issues/3222,0,"['good first issue', 'lang/es', 'outdated']",2024-07-15,2025-04-07
cncf/tag-app-delivery,HTML,Document how we use GitHub labels,https://github.com/cncf/tag-app-delivery/issues/405,0,"['good first issue', 'tag-admin']",2023-05-03,2024-06-22
kubernetes/website,HTML,[ja] Translate content/en/docs/reference/glossary/downstream.md into Japanese,https://github.com/kubernetes/website/issues/56858,1,"['good first issue', 'help wanted', 'kind/feature', 'language/ja', 'triage/accepted', 'area/localization']",2026-08-08,2026-08-08
cncf/tag-contributor-strategy,HTML,Charter link is 404,https://github.com/cncf/tag-contributor-strategy/issues/762,1,"['good first issue', 'help wanted']",2025-02-03,2025-09-25
cncf/glossary,HTML,[ru] Localize `Portability`,https://github.com/cncf/glossary/issues/3265,1,"['good first issue', 'lang/ru']",2024-08-04,2024-11-19
kubernetes/website,HTML,[ja] Translate content/en/docs/reference/glossary/developer.md into Japanese,https://github.com/kubernetes/website/issues/56859,2,"['good first issue', 'help wanted', 'kind/feature', 'language/ja', 'triage/accepted', 'area/localization']",2026-08-08,2026-08-09
kubernetes/website,HTML,[ja] Translate content/en/docs/reference/glossary/spec.md into Japanese,https://github.com/kubernetes/website/issues/56857,2,"['good first issue', 'help wanted', 'kind/feature', 'language/ja', 'triage/accepted', 'area/localization']",2026-08-08,2026-08-10
kubernetes/website,HTML,[ja] Translate content/en/docs/reference/glossary/event.md into Japanese,https://github.com/kubernetes/website/issues/56856,2,"['good first issue', 'help wanted', 'kind/feature', 'language/ja', 'triage/accepted', 'area/localization']",2026-08-08,2026-08-10
kubernetes/website,HTML,[ja] Translate content/en/docs/reference/glossary/condition.md into Japanese,https://github.com/kubernetes/website/issues/56855,2,"['good first issue', 'help wanted', 'kind/feature', 'language/ja', 'triage/accepted', 'area/localization']",2026-08-08,2026-08-09
kubernetes/website,HTML,[ja] Translate content/en/docs/reference/glossary/infrastructure-resource.md into Japanese,https://github.com/kubernetes/website/issues/56854,2,"['good first issue', 'help wanted', 'kind/feature', 'language/ja', 'triage/accepted', 'area/localization']",2026-08-08,2026-08-10
kubernetes/website,HTML,[ja] Translate content/en/docs/reference/glossary/pod-disruption-budget.md into Japanese,https://github.com/kubernetes/website/issues/56853,2,"['good first issue', 'help wanted', 'kind/feature', 'language/ja', 'triage/accepted', 'area/localization']",2026-08-08,2026-08-10
kubernetes/website,HTML,[ja] Translate content/en/docs/reference/glossary/disruption.md into Japanese,https://github.com/kubernetes/website/issues/56852,2,"['good first issue', 'help wanted', 'kind/feature', 'language/ja', 'triage/accepted', 'area/localization']",2026-08-08,2026-08-10
kubernetes/website,HTML,[ja] Translate content/en/docs/reference/glossary/kubernetes-api.md into Japanese,https://github.com/kubernetes/website/issues/56851,2,"['good first issue', 'help wanted', 'kind/feature', 'language/ja', 'triage/accepted', 'area/localization']",2026-08-08,2026-08-10
kubernetes/website,HTML,[ja] Translate content/en/docs/reference/glossary/qos-class.md into Japanese,https://github.com/kubernetes/website/issues/56850,2,"['good first issue', 'help wanted', 'kind/feature', 'language/ja', 'triage/accepted', 'area/localization']",2026-08-08,2026-08-10
kubernetes/website,HTML,[ja] Translate content/en/docs/reference/glossary/ephemeral-container.md into Japanese,https://github.com/kubernetes/website/issues/56700,2,"['good first issue', 'help wanted', 'kind/feature', 'language/ja', 'triage/accepted', 'area/localization']",2026-07-31,2026-08-01
cncf/glossary,HTML,[ru] Localize `Service` into Russian,https://github.com/cncf/glossary/issues/3334,2,"['good first issue', 'lang/ru']",2024-10-17,2025-03-03
kubernetes/website,HTML,Broken Kyverno link in Pod Security Standards alternatives section,https://github.com/kubernetes/website/issues/56734,3,"['good first issue', 'help wanted', 'sig/docs', 'priority/backlog', 'language/en', 'needs-triage']",2026-08-01,2026-08-03
cncf/tag-app-delivery,HTML,Automation of tag-app-delivery repo,https://github.com/cncf/tag-app-delivery/issues/566,3,"['good first issue', 'tag-discuss']",2024-02-27,2024-06-22
cncf/tag-security,HTML,[Suggestion] Working Group Landing Page,https://github.com/cncf/tag-security/issues/1354,4,"['good first issue', 'suggestion', 'inactive', 'website']",2024-08-23,2025-07-19
cncf/tag-observability,HTML,WG: Create GitHub Pages site for TAG Observability,https://github.com/cncf/tag-observability/issues/39,7,"['documentation', 'good first issue', 'help wanted', 'working group']",2021-05-12,2023-11-21
kubernetes/website,HTML,[hi] Localize Network Policy Provider page,https://github.com/kubernetes/website/issues/47439,8,"['good first issue', 'help wanted', 'kind/feature', 'language/hi', 'triage/accepted', 'area/localization']",2024-08-11,2026-07-09
kubernetes/website,HTML,[hi] Localize concepts/scheduling-eviction page ,https://github.com/kubernetes/website/issues/48989,10,"['good first issue', 'help wanted', 'kind/feature', 'language/hi', 'triage/accepted', 'area/localization']",2024-12-09,2026-07-04
kubernetes/website,HTML,[hi] Localize concepts/Storage page,https://github.com/kubernetes/website/issues/47462,11,"['good first issue', 'help wanted', 'kind/feature', 'language/hi', 'triage/accepted', 'area/localization']",2024-08-12,2026-06-26
kubernetes/website,HTML,[hi] Localize concepts/extend-kubernetes page,https://github.com/kubernetes/website/issues/48991,12,"['good first issue', 'help wanted', 'kind/feature', 'language/hi', 'triage/accepted', 'area/localization']",2024-12-09,2026-08-10
kubernetes/website,HTML,[hi] Localize /concepts/cluster-administration page,https://github.com/kubernetes/website/issues/48990,12,"['good first issue', 'help wanted', 'kind/feature', 'triage/accepted', 'area/localization']",2024-12-09,2026-07-22
kubernetes/website,HTML,[hi] Localize concepts/Security page,https://github.com/kubernetes/website/issues/47463,13,"['good first issue', 'help wanted', 'kind/feature', 'language/hi', 'triage/accepted', 'area/localization']",2024-08-12,2026-06-21
kubernetes/website,HTML,[hi] Localize concepts/Workloads page ,https://github.com/kubernetes/website/issues/47442,13,"['good first issue', 'help wanted', 'kind/feature', 'language/hi', 'triage/accepted', 'area/localization']",2024-08-11,2026-06-15
kubernetes/website,HTML,[hi] Localize tasks/configure-pod-container page ,https://github.com/kubernetes/website/issues/48992,16,"['good first issue', 'help wanted', 'kind/feature', 'triage/accepted', 'area/localization']",2024-12-09,2026-07-22
kubernetes/website,HTML,[hi] Localize en/docs/contribute/style/page-content-types.md,https://github.com/kubernetes/website/issues/36594,18,"['good first issue', 'help wanted', 'kind/feature', 'language/hi', 'triage/accepted']",2022-09-04,2026-01-10
kubernetes/website,HTML,[hi] Localize en/docs/contribute/participate/_index.md,https://github.com/kubernetes/website/issues/36471,19,"['good first issue', 'help wanted', 'kind/feature', 'lifecycle/rotten', 'language/hi', 'triage/accepted']",2022-08-31,2026-01-16
kubernetes/website,HTML,[de] Localize content/de/setup/production-environment/_index.md,https://github.com/kubernetes/website/issues/50286,23,"['good first issue', 'help wanted', 'kind/feature', 'language/de', 'needs-triage', 'area/localization']",2025-03-27,2025-07-17
kubernetes/website,HTML,Umbrella: Improve and update the generate-ref-docs contributor guide,https://github.com/kubernetes/website/issues/56385,24,"['good first issue', 'help wanted', 'kind/feature', 'sig/docs', 'kind/cleanup', 'triage/accepted']",2026-07-04,2026-08-03
kubernetes/website,HTML,[hi] Localize en/docs/contribute/review/for-approvers.md,https://github.com/kubernetes/website/issues/36474,28,"['good first issue', 'help wanted', 'kind/feature', 'language/hi', 'triage/accepted']",2022-08-31,2026-08-06
kubernetes/website,HTML,[hi] Enhance README file to improve readability and user-friendliness,https://github.com/kubernetes/website/issues/41989,30,"['good first issue', 'help wanted', 'kind/feature', 'language/hi', 'triage/accepted', 'area/localization']",2023-07-12,2026-03-22
microsoft/copilot-for-eclipse,Java,The Copilot Chat view retains file context even after the file is closed,https://github.com/microsoft/copilot-for-eclipse/issues/277,0,"['bug', 'good first issue', 'help wanted']",2026-06-05,2026-06-05
microsoft/copilot-for-eclipse,Java,Please integrate copilot into eclipse quickfix feature - Enhancement Request,https://github.com/microsoft/copilot-for-eclipse/issues/70,3,"['good first issue', 'help wanted']",2026-01-04,2026-04-29
microsoft/typespec,Java,testing: expectDiagnostics() should provide an option to ignore ordering,https://github.com/microsoft/typespec/issues/5818,3,"['feature', 'good first issue', 'triaged:core', 'compiler:core']",2025-01-30,2025-05-23
microsoft/copilot-for-eclipse,Java,Unable to use the Java source file corresponding to the class file as context,https://github.com/microsoft/copilot-for-eclipse/issues/117,13,"['good first issue', 'help wanted']",2026-04-15,2026-06-25
mattermost/mattermost-plugin-gitlab,JavaScript,Convert link_tooltip component to typescript,https://github.com/mattermost/mattermost-plugin-gitlab/issues/424,1,"['Help Wanted', 'Up For Grabs', 'Hacktoberfest', 'Tech/ReactJS', 'Difficulty/1:Easy', 'Good First Issue', 'Type/Enhancement', 'Tech/TypeScript', 'Typescript Migration']",2023-12-19,2025-11-01
huggingface/transformers.js,JavaScript,Is 'aggregation_strategy' parameter available for token classification pipeline?,https://github.com/huggingface/transformers.js/issues/633,2,"['help wanted', 'good first issue', 'question']",2024-03-07,2024-06-09
huggingface/transformers.js,JavaScript,[Feature request] Return offset mapping using tokenizer,https://github.com/huggingface/transformers.js/issues/425,2,"['enhancement', 'good first issue']",2023-11-30,2024-01-12
EddieHubCommunity/RepoRater,JavaScript,[BUG] Update the preview in the readme,https://github.com/EddieHubCommunity/RepoRater/issues/152,2,"['good first issue', '🏁 status: ready for dev', '🛠 goal: fix']",2024-08-02,2024-09-03
freeCodeCamp/classroom,JavaScript,Bug: Classrooms can be created with no certifications,https://github.com/freeCodeCamp/classroom/issues/551,2,"['bug', 'good first issue']",2025-10-12,2026-08-08
freeCodeCamp/classroom,JavaScript,Bug: /classes page crashes if the mock-fcc-data endpoint is not running,https://github.com/freeCodeCamp/classroom/issues/533,2,"['good first issue', 'CTI']",2024-12-31,2026-04-28
layer5io/docs,JavaScript,[Docs] Floating Card Overlapping Navbar,https://github.com/layer5io/docs/issues/1187,3,"['area/docs', 'good first issue', 'help wanted', 'language/markdown', 'framework/hugo']",2026-08-06,2026-08-06
layer5io/docs,JavaScript,[Docs] Convert Static Image to Meshery Design - 4,https://github.com/layer5io/docs/issues/794,3,"['area/docs', 'good first issue', 'help wanted', 'language/markdown', 'framework/hugo']",2025-08-21,2025-09-04
layer5io/docs,JavaScript,Screen capture includes Grammarly,https://github.com/layer5io/docs/issues/543,4,"['good first issue', 'help wanted', 'kind/bug', 'language/javascript', 'language/css', 'framework/hugo']",2025-05-06,2026-08-10
freeCodeCamp/100DaysOfCode-twitter-bot,JavaScript,Contributing needs work,https://github.com/freeCodeCamp/100DaysOfCode-twitter-bot/issues/112,4,"['help wanted', 'good first issue', 'documentation']",2017-12-02,2018-03-24
layer5io/layer5,JavaScript,[UI] Scrollbar styling is inconsistent in the navigation menu,https://github.com/layer5io/layer5/issues/7904,5,"['help wanted', 'good first issue', 'first-timers-only', 'framework/gatsby', 'component/ui']",2026-07-29,2026-08-06
layer5io/layer5,JavaScript,"Inaccurate: ""0"" performance tests results being reported",https://github.com/layer5io/layer5/issues/7860,5,"['kind/bug', 'help wanted', 'good first issue', 'project/meshery', 'language/javascript', 'framework/gatsby', 'javascript']",2026-07-10,2026-08-06
layer5io/docs,JavaScript,[Docs] Improve Related Docs Links in Pinning Models to Dock Page,https://github.com/layer5io/docs/issues/1028,5,"['area/docs', 'good first issue', 'help wanted', 'language/markdown', 'framework/hugo']",2026-05-11,2026-06-11
layer5io/docs,JavaScript,[Docs] Convert Static Image to Meshery Design - 3,https://github.com/layer5io/docs/issues/793,5,"['area/docs', 'good first issue', 'help wanted', 'language/markdown', 'framework/hugo']",2025-08-21,2025-09-04
layer5io/layer5,JavaScript,[Screenshots] Citrix Service Mesh under 'How it Works See It in Action' section,https://github.com/layer5io/layer5/issues/4880,5,"['help wanted', 'good first issue']",2023-09-07,2026-03-22
freeCodeCamp/100DaysOfCode-twitter-bot,JavaScript,Welcome bot! Respond to the user when committing to 100DaysOfCode,https://github.com/freeCodeCamp/100DaysOfCode-twitter-bot/issues/96,5,"['enhancement', 'help wanted', 'good first issue']",2017-10-03,2026-04-28
layer5io/layer5,JavaScript,"Enhance or replace the ""Star the Repo"" button",https://github.com/layer5io/layer5/issues/7859,6,"['kind/enhancement', 'help wanted', 'good first issue', 'language/javascript', 'framework/react', 'language/css']",2026-07-10,2026-08-08
layer5io/docs,JavaScript,Convert Images into Meshery Design.,https://github.com/layer5io/docs/issues/646,6,"['good first issue', 'help wanted', 'kind/enhancement', 'language/javascript', 'language/css', 'language/html', 'framework/hugo', 'issue/remind']",2025-07-10,2025-12-25
layer5io/layer5,JavaScript,Relocate partner logos to appropriate directory in static folder.,https://github.com/layer5io/layer5/issues/7256,7,"['help wanted', 'good first issue', 'language/html', 'framework/gatsby']",2025-12-08,2026-02-23
layer5io/layer5,JavaScript,[CI] Create or add to existing workflow: a broken link checker,https://github.com/layer5io/layer5/issues/6407,7,"['help wanted', 'good first issue', 'kind/chore']",2025-04-25,2026-06-20
layer5io/layer5,JavaScript,[Screenshots] Chaos Mesh under 'How it Works See It in Action' section,https://github.com/layer5io/layer5/issues/4867,7,"['kind/enhancement', 'help wanted', 'good first issue', 'issue/remind', 'component/ui']",2023-09-07,2026-03-22
huggingface/transformers.js,JavaScript,[Doc request] Add an example guide of how to use it in Svelte (and deploy to HF Spaces),https://github.com/huggingface/transformers.js/issues/171,7,"['enhancement', 'help wanted', 'good first issue']",2023-06-29,2023-08-21
EddieHubCommunity/EddieHubCommunity.github.io,JavaScript,Add Issue Templates,https://github.com/EddieHubCommunity/EddieHubCommunity.github.io/issues/211,7,['good first issue'],2021-10-04,2024-04-23
layer5io/layer5,JavaScript,[Bug] Next and previous button stays in clicked state,https://github.com/layer5io/layer5/issues/7940,8,"['kind/bug', 'help wanted', 'good first issue', 'framework/gatsby']",2026-08-08,2026-08-10
layer5io/layer5,JavaScript,Mobile navigation menu contains invalid nesting,https://github.com/layer5io/layer5/issues/7484,8,"['kind/bug', 'help wanted', 'good first issue', 'language/html', 'language/javascript', 'framework/gatsby', 'framework/react']",2026-03-11,2026-03-21
layer5io/layer5,JavaScript,[Screenshots] Fluentbit Operator under 'How it Works See It in Action' section,https://github.com/layer5io/layer5/issues/5333,8,"['kind/enhancement', 'help wanted', 'good first issue', 'issue/stale']",2024-01-23,2025-07-29
EddieHubCommunity/HealthCheck,JavaScript,Update the preview image in the site,https://github.com/EddieHubCommunity/HealthCheck/issues/151,8,"['bug', 'good first issue', 'status: ready for dev']",2024-08-12,2024-10-14
decentraland/land,JavaScript,docs needed,https://github.com/decentraland/land/issues/154,8,"['enhancement', 'help wanted', 'good first issue']",2021-04-29,2021-04-30
layer5io/layer5,JavaScript,[Screenshots] Flagger under 'How it Works See It in Action' section,https://github.com/layer5io/layer5/issues/5331,9,"['kind/enhancement', 'help wanted', 'good first issue']",2024-01-23,2026-07-21
freeCodeCamp/100DaysOfCode-twitter-bot,JavaScript,Update docs to the KCD README pattern,https://github.com/freeCodeCamp/100DaysOfCode-twitter-bot/issues/131,9,"['enhancement', 'help wanted', 'good first issue', 'documentation']",2018-03-25,2022-08-18
layer5io/layer5,JavaScript,Improve styling of categories of models,https://github.com/layer5io/layer5/issues/7593,10,"['kind/bug', 'help wanted', 'good first issue', 'framework/gatsby', 'component/ui']",2026-04-06,2026-05-09
layer5io/layer5,JavaScript,[Screenshots] Containerssh under 'How it Works See It in Action' section,https://github.com/layer5io/layer5/issues/4876,10,"['help wanted', 'good first issue', 'issue/remind']",2023-09-07,2026-03-22
layer5io/layer5,JavaScript,[Screenshots] Cert Manager Crds under 'How it Works See It in Action' section,https://github.com/layer5io/layer5/issues/4865,10,"['help wanted', 'good first issue', 'issue/remind']",2023-09-07,2026-03-22
layer5io/layer5,JavaScript,[Animation] Animate Meshery Architecture,https://github.com/layer5io/layer5/issues/7661,11,"['kind/bug', 'help wanted', 'good first issue', 'framework/gatsby']",2026-04-25,2026-06-09
layer5io/layer5,JavaScript,[Screenshots] AWS Elastic Kubernetes Service under 'How it Works See It in Action' section,https://github.com/layer5io/layer5/issues/5322,11,"['kind/enhancement', 'help wanted', 'good first issue']",2024-01-23,2025-11-09
layer5io/layer5,JavaScript,Update the structure of pages based on the latest sitemap revision available in Figma,https://github.com/layer5io/layer5/issues/5359,13,"['help wanted', 'good first issue', 'language/markdown']",2024-02-01,2026-06-02
layer5io/layer5,JavaScript,[Screenshots] Cloudevents under 'How it Works See It in Action' section,https://github.com/layer5io/layer5/issues/4869,13,"['help wanted', 'good first issue', 'issue/remind']",2023-09-07,2026-03-22
mattermost/mattermost-plugin-gitlab,JavaScript,Support config variable to disable project access check for incoming webhook event,https://github.com/mattermost/mattermost-plugin-gitlab/issues/463,13,"['Help Wanted', 'Up For Grabs', 'Good First Issue', 'Type/Enhancement']",2024-02-17,2024-08-23
layer5io/layer5,JavaScript,Update resources and hands-on labs with latest content,https://github.com/layer5io/layer5/issues/6387,14,"['help wanted', 'good first issue', 'kind/chore', 'issue/willfix']",2025-04-14,2026-04-29
layer5io/layer5,JavaScript,[Screenshots] Fabedge under 'How it Works See It in Action' section,https://github.com/layer5io/layer5/issues/5330,14,"['kind/enhancement', 'help wanted', 'good first issue']",2024-01-23,2025-11-09
layer5io/layer5,JavaScript,[Screenshots] Cilium under 'How it Works See It in Action' section,https://github.com/layer5io/layer5/issues/4868,14,"['help wanted', 'good first issue']",2023-09-07,2026-07-15
EddieHubCommunity/BioDrop,JavaScript,[BUG] Duplicate sortable package present,https://github.com/EddieHubCommunity/BioDrop/issues/10139,14,"['🏁 status: ready for dev', '🛠 goal: fix', 'good first issue', '🔢 points: 2']",2024-01-13,2024-05-03
layer5io/layer5,JavaScript,[Visual Design] New Recognition Badge: Event Evangelist Badge,https://github.com/layer5io/layer5/issues/4809,17,"['kind/enhancement', 'help wanted', 'good first issue', 'hacktoberfest', 'area/community', 'type/ux', 'issue/remind', 'figma', 'type/visual design']",2023-08-31,2026-04-25
layer5io/layer5,JavaScript,Pricing: subscription plans as a sticky row,https://github.com/layer5io/layer5/issues/7665,18,"['kind/enhancement', 'help wanted', 'good first issue', 'language/javascript', 'framework/react', 'language/css']",2026-04-25,2026-06-27
layer5io/layer5-academy,JavaScript,[Docs] Convert meshery design image to embedded meshery design,https://github.com/layer5io/layer5-academy/issues/32,18,"['good first issue', 'help wanted']",2025-07-25,2026-03-26
layer5io/layer5,JavaScript,[SEO] First Contentful Paint (FCP): gatsby-plugin-webpack-bundle-analyser-v2,https://github.com/layer5io/layer5/issues/6449,18,"['help wanted', 'good first issue', 'kind/chore', 'language/javascript', 'framework/gatsby', 'type/performance', 'type/seo', 'javascript']",2025-05-15,2026-06-28
layer5io/layer5,JavaScript,[Learn] Learning Paths need enhanced with Meshery/MeshMap walk-throughs,https://github.com/layer5io/layer5/issues/4899,19,"['help wanted', 'good first issue', 'language/markdown', 'framework/gatsby', 'area/learn', 'devops']",2023-09-13,2026-07-08
layer5io/layer5,JavaScript,add animated card,https://github.com/layer5io/layer5/issues/6521,20,"['kind/enhancement', 'help wanted', 'good first issue', 'language/javascript', 'framework/react', 'issue/remind']",2025-06-02,2026-04-28
layer5io/layer5,JavaScript,[Screenshots] Container Network Interface (CNI) under 'How it Works See It in Action' section,https://github.com/layer5io/layer5/issues/4874,31,"['help wanted', 'good first issue']",2023-09-07,2026-03-22
layer5io/layer5,JavaScript,[Screenshots] Devstream under 'How it Works See It in Action' section,https://github.com/layer5io/layer5/issues/4887,32,"['help wanted', 'good first issue', 'issue/remind']",2023-09-07,2026-08-08
layer5io/layer5,JavaScript,[Screenshots] Old Screenshots of Meshery Playground needs to be updated,https://github.com/layer5io/layer5/issues/5342,35,"['kind/enhancement', 'help wanted', 'good first issue']",2024-01-24,2026-04-30
layer5io/layer5,JavaScript,[UX] Visual Design needed for incorporation of Writing Program into Internship Programs page,https://github.com/layer5io/layer5/issues/4918,39,"['kind/enhancement', 'help wanted', 'good first issue', 'hacktoberfest', 'type/ux', 'figma', 'type/visual design']",2023-09-15,2026-05-15
cncf/landscape-graph,Jupyter Notebook,Create full-text indices (Lucene) for relationships' properties,https://github.com/cncf/landscape-graph/issues/20,0,"['good first issue', 'help wanted']",2022-04-17,2022-04-21
cncf/landscape-graph,Jupyter Notebook,Docs: list jetbrains graph db plugin in dev setup,https://github.com/cncf/landscape-graph/issues/82,1,"['documentation', 'good first issue', 'help wanted']",2022-05-08,2022-05-19
cncf/landscape-graph,Jupyter Notebook,Spike: Visualization Tools & Libraries,https://github.com/cncf/landscape-graph/issues/72,1,"['good first issue', 'help wanted', 'ux', 'panorama', 'spike']",2022-04-30,2023-09-29
cncf/landscape-graph,Jupyter Notebook,"create apps/landscape-introspector (introspector docs, example)",https://github.com/cncf/landscape-graph/issues/51,1,"['documentation', 'good first issue', 'e0-minutes']",2022-04-26,2022-08-21
cncf/landscape-graph,Jupyter Notebook,Create gource visualizations for all cncf project related repos,https://github.com/cncf/landscape-graph/issues/21,1,"['good first issue', 'help wanted']",2022-04-17,2023-01-28
huggingface/optimum-intel,Jupyter Notebook,Fix conversion of ltx_video models in bf16 format,https://github.com/huggingface/optimum-intel/issues/1614,2,['good first issue'],2026-02-13,2026-02-17
cncf/landscape-graph,Jupyter Notebook,Automatically generate GH Issue Labels for all Sub-Graph Modules,https://github.com/cncf/landscape-graph/issues/84,2,"['good first issue', 'help wanted', 'infrastructure', 'project-infra', 'ci']",2022-07-15,2026-01-14
huggingface/optimum-intel,Jupyter Notebook,"Add tests which check, that required transformations are applied",https://github.com/huggingface/optimum-intel/issues/1645,4,['good first issue'],2026-03-23,2026-03-24
cncf/landscape-graph,Jupyter Notebook,Implement autogenerated mocks for GraphQL API from schema,https://github.com/cncf/landscape-graph/issues/103,4,"['good first issue', 'help wanted', 'e2-days', 'data']",2022-09-03,2024-11-13
cncf/landscape-graph,Jupyter Notebook,Create documentation site (GitHub Pages or Netlify) using Docusaurus,https://github.com/cncf/landscape-graph/issues/97,7,"['documentation', 'enhancement', 'good first issue', 'help wanted', 'p1-high', 'project-infra']",2022-08-20,2025-01-23
huggingface/huggingface-gemma-recipes,Jupyter Notebook,📣 Call for contributions!,https://github.com/huggingface/huggingface-gemma-recipes/issues/4,11,"['good first issue', 'help wanted']",2025-06-30,2025-10-20
huggingface/huggingface-llama-recipes,Jupyter Notebook,Call for contributions,https://github.com/huggingface/huggingface-llama-recipes/issues/43,20,"['good first issue', 'help wanted']",2024-09-30,2025-01-30
huggingface/agents-course,MDX,Improve diagrams in unit 2.1,https://github.com/huggingface/agents-course/issues/233,6,['good first issue'],2025-02-25,2026-05-03
layer5io/.github,Makefile,Add the Sistent project to this readme.md,https://github.com/layer5io/.github/issues/54,1,"['good first issue', 'help wanted', 'kind/enhancement']",2026-05-06,2026-05-06
layer5io/academy-example,Makefile,[Docs] deprecated: .Site.AllPages,https://github.com/layer5io/academy-example/issues/108,1,"['good first issue', 'kind/bug']",2026-03-31,2026-04-01
layer5io/exoscale-academy,Makefile,Convert Images into Meshery Design [ Kubernetes Workshop],https://github.com/layer5io/exoscale-academy/issues/45,4,['good first issue'],2025-07-18,2026-04-10
layer5io/exoscale-academy,Makefile,Kubernetes Workshop Image-8,https://github.com/layer5io/exoscale-academy/issues/53,9,"['good first issue', 'issue/remind']",2025-07-18,2025-12-16
layer5io/academy-build,Makefile,Replace generic favicon with Layer5 logo,https://github.com/layer5io/academy-build/issues/2,12,"['good first issue', 'help wanted', 'kind/enhancement']",2025-07-17,2026-07-02
huggingface/awesome-huggingface,Other,[hacktoberfest] Hugging Face Collections Hacktoberfest challenge,https://github.com/huggingface/awesome-huggingface/issues/28,0,['good first issue'],2023-10-11,2023-10-11
decentraland/dapps-issues,Other,[Events] Update the Share link to use the new `jump-in` site.,https://github.com/decentraland/dapps-issues/issues/247,0,"['enhancement', 'good first issue']",2025-07-03,2025-07-03
decentraland/dapps-issues,Other,Add a banner to communicate possible downtimes of our/thirdparty services,https://github.com/decentraland/dapps-issues/issues/20,0,['good first issue'],2022-03-11,2022-03-11
decentraland/sdk,Other,Remove the mandatory `?v=` from the renderer fetch,https://github.com/decentraland/sdk/issues/201,1,['good first issue'],2022-02-21,2022-12-22
godotengine/godot-asset-library,PHP,Categories need a description (tooltip?) when hovered/selected,https://github.com/godotengine/godot-asset-library/issues/74,1,"['enhancement', 'topic:frontend', 'good first issue']",2016-09-28,2020-03-09
godotengine/godot-asset-library,PHP,"keep the content of the submition form when its not validated, or try some ajax realtime pre-validation",https://github.com/godotengine/godot-asset-library/issues/61,1,"['topic:frontend', 'good first issue']",2016-09-04,2016-09-08
godotengine/godot-asset-library,PHP,A way to cancel edit requests,https://github.com/godotengine/godot-asset-library/issues/149,3,"['enhancement', 'good first issue']",2018-06-27,2020-05-07
godotengine/godot-asset-library,PHP,"Sanitize inputs for Asset data/fields, like URLs",https://github.com/godotengine/godot-asset-library/issues/204,5,"['bug', 'topic:backend', 'good first issue']",2020-03-08,2021-11-03
huggingface/optimum-executorch,Python,Add benchmarking numbers for more models,https://github.com/huggingface/optimum-executorch/issues/131,0,"['good first issue', 'help wanted']",2025-09-02,2025-09-02
huggingface/lighteval,Python,[FT]  Add tests for `VLLMModel` base methods,https://github.com/huggingface/lighteval/issues/724,0,"['good first issue', 'feature']",2025-05-15,2025-05-20
huggingface/nanotron,Python,[Feature] Use CUDA event for measuring elasped time,https://github.com/huggingface/nanotron/issues/88,0,"['enhancement', 'good first issue', 'help wanted']",2024-03-02,2024-04-20
huggingface/nanotron,Python,[Feature] Refactor `ParallelContext.world_rank_matrix`,https://github.com/huggingface/nanotron/issues/77,0,"['enhancement', 'good first issue', 'help wanted']",2024-02-19,2026-08-01
microsoft/teams-agent-accelerator-libs-py,Python,Expose the ability to add memory explicitly,https://github.com/microsoft/teams-agent-accelerator-libs-py/issues/57,0,['good first issue'],2024-12-16,2025-01-06
microsoft/BitBLAS,Python,[Feature Request] Enhance Database to support reload scheduled tilelang operator,https://github.com/microsoft/BitBLAS/issues/269,0,"['enhancement', 'good first issue']",2024-12-16,2024-12-16
microsoft/BitBLAS,Python,[Feature Request] Flash Attention Op should be enhanced with our Scheduler Abstraction,https://github.com/microsoft/BitBLAS/issues/264,0,['good first issue'],2024-12-12,2024-12-12
huggingface/lighteval,Python,[EVAL] Add kyrgyzLLM benchmark,https://github.com/huggingface/lighteval/issues/1036,1,"['good first issue', 'new-task']",2025-11-04,2025-11-20
huggingface/lerobot,Python,Ensure the teleoperators module passes MyPy type checks,https://github.com/huggingface/lerobot/issues/1726,1,"['python', 'good first issue']",2025-08-13,2026-02-06
huggingface/lighteval,Python,[BUG]  Optimize tokenization,https://github.com/huggingface/lighteval/issues/732,1,"['bug', 'good first issue', 'help wanted', 'science-team']",2025-05-15,2026-06-21
huggingface/lighteval,Python,[FT] LiteLLM concurrency parameters hard-coded,https://github.com/huggingface/lighteval/issues/567,1,"['good first issue', 'help wanted', 'feature']",2025-02-16,2025-09-10
huggingface/nanotron,Python,Add Debug utility to be able to preview first samples used for training,https://github.com/huggingface/nanotron/issues/184,1,"['good first issue', 'help wanted']",2024-05-27,2025-04-21
huggingface/nanotron,Python,We don't save checkpoint after training ends,https://github.com/huggingface/nanotron/issues/163,1,"['good first issue', 'help wanted', 'Low Priority']",2024-05-06,2025-02-18
huggingface/nanotron,Python,FEAT: Support 1.58-bit LLMs training,https://github.com/huggingface/nanotron/issues/114,1,"['enhancement', 'good first issue', 'help wanted', 'Low Priority']",2024-03-21,2024-04-03
huggingface/dataset-viewer,Python,Use `revision_exists` (hfh),https://github.com/huggingface/dataset-viewer/issues/2562,1,"['good first issue', 'refactoring / architecture', 'P2']",2024-03-08,2025-07-01
huggingface/nanotron,Python,[Feature Request] Add simple communications benchmarks to the repo,https://github.com/huggingface/nanotron/issues/43,1,"['enhancement', 'good first issue', 'help wanted']",2024-01-25,2024-01-25
microsoft/apm,Python,Extract shared retain/reindex predicate for git auth-config entries (follow-up to #2368),https://github.com/microsoft/apm/issues/2398,1,"['good first issue', 'priority/low', 'refactor', 'theme/security', 'area/cli', 'type/refactor', 'status/triaged', 'area:security']",2026-07-30,2026-07-31
microsoft/winml-cli,Python,Minor refactor: reuse _compute_case_signature to compute failed model file name,https://github.com/microsoft/winml-cli/issues/56,1,"['good first issue', 'refactor', 'NPU', 'P1', 'triaged']",2026-03-31,2026-06-17
microsoft/onnxscript,Python,[torchlib] Add op test to torch.unique_consecutive,https://github.com/microsoft/onnxscript/issues/2695,1,"['good first issue', 'module: torchlib', 'contribution welcome']",2025-11-10,2025-12-21
microsoft/AutoPodcaster,Python,Add devcontainer,https://github.com/microsoft/AutoPodcaster/issues/9,1,"['enhancement', 'good first issue']",2025-01-09,2026-08-08
microsoft/teams-agent-accelerator-libs-py,Python,Provide cleaner api for building citations for memories,https://github.com/microsoft/teams-agent-accelerator-libs-py/issues/72,1,['good first issue'],2024-12-19,2025-11-17
huggingface/lerobot,Python,Question regarding downsampling and resizing dataset,https://github.com/huggingface/lerobot/issues/2124,2,"['question', 'dataset', 'good first issue']",2025-10-06,2026-05-25
huggingface/lighteval,Python,[FT] Manage script and language in the Language enum,https://github.com/huggingface/lighteval/issues/745,2,"['good first issue', 'feature']",2025-05-19,2026-05-26
huggingface/lighteval,Python,Call for contributions: Translate lighteval's doc into Chinese,https://github.com/huggingface/lighteval/issues/716,2,"['good first issue', 'help wanted', 'new-task']",2025-05-14,2025-05-19
huggingface/diffusers,Python,Do we have any script covert from hf format to orginal format?,https://github.com/huggingface/diffusers/issues/10076,2,"['good first issue', 'contributions-welcome', 'conversion script']",2024-12-02,2026-06-16
huggingface/dataset-viewer,Python,use the `ROW_IDX_COLUMN` constant name instead of copying the value everywhere,https://github.com/huggingface/dataset-viewer/issues/2798,2,"['good first issue', 'refactoring / architecture', 'P2']",2024-05-13,2024-05-13
huggingface/nanotron,Python,[Feature] Asyncronous Serialization,https://github.com/huggingface/nanotron/issues/87,2,"['enhancement', 'good first issue', 'help wanted']",2024-03-02,2025-02-20
huggingface/dataset-viewer,Python,"Use ""Sign-In with HF"" instead of token in admin-UI",https://github.com/huggingface/dataset-viewer/issues/2373,2,"['good first issue', 'admin tools', 'P2']",2024-02-01,2025-07-03
huggingface/nanotron,Python,[Feature Request] Support Data Streaming for faster training of large models,https://github.com/huggingface/nanotron/issues/45,2,"['enhancement', 'good first issue', 'help wanted']",2024-01-26,2024-03-03
microsoft/physical-ai-toolchain,Python,build: refresh uv pin to 0.11.25 and consolidate remaining stale uv reference,https://github.com/microsoft/physical-ai-toolchain/issues/1071,2,"['good first issue', 'build', 'security']",2026-06-30,2026-07-01
microsoft/physical-ai-toolchain,Python,docs(ci): document GHSA allowlist in dependency-review.yml,https://github.com/microsoft/physical-ai-toolchain/issues/142,2,"['documentation', 'good first issue', 'help wanted', 'security']",2026-03-11,2026-07-12
microsoft/physical-ai-toolchain,Python,chore(ci): remove JaCoCo parser config from codecov.yml,https://github.com/microsoft/physical-ai-toolchain/issues/140,2,"['good first issue', 'help wanted', 'maintenance']",2026-03-11,2026-07-12
microsoft/onnxscript,Python,"Missing converter for OpOverload(op='aten._grouped_mm', overload='default')",https://github.com/microsoft/onnxscript/issues/2795,2,"['good first issue', 'module: torchlib', 'contribution welcome']",2026-02-06,2026-02-06
microsoft/onnxscript,Python,"[Optimizer] Fold Shape -> {Slice, Gather} -> Concat -> Reshape",https://github.com/microsoft/onnxscript/issues/2736,2,"['good first issue', 'contribution welcome', 'module: rewriter']",2025-12-17,2026-06-24
microsoft/OpenAIWorkshop,Python,Fix eslint warnings,https://github.com/microsoft/OpenAIWorkshop/issues/292,2,"['enhancement', 'good first issue']",2025-10-03,2025-12-18
microsoft/onnxscript,Python,Constant-Folding Registry,https://github.com/microsoft/onnxscript/issues/2507,2,"['good first issue', 'category: question', 'contribution welcome', 'module: optimizer']",2025-08-22,2026-07-16
microsoft/onnxscript,Python,[torchlib] slice_scatter does not support start and end to be None,https://github.com/microsoft/onnxscript/issues/2372,2,"['good first issue', 'module: torchlib']",2025-06-11,2025-06-28
microsoft/vscode-black-formatter,Python,black is using cached pyproject.toml instead of the actual one,https://github.com/microsoft/vscode-black-formatter/issues/569,2,"['bug', 'good first issue', 'help wanted', 'needs PR']",2025-04-18,2025-04-28
microsoft/msticpy,Python,[Bug]: RiskIQ TI Provider does not seem functional anymore and docs for config and API access are out of date,https://github.com/microsoft/msticpy/issues/820,2,"['enhancement', 'good first issue']",2025-01-30,2025-02-21
microsoft/onnxscript,Python,[IR] Graph editor API,https://github.com/microsoft/onnxscript/issues/2005,2,"['good first issue', 'topic: discussion', 'contribution welcome', 'module: IR']",2025-01-09,2025-05-09
microsoft/onnxscript,Python,informing about bad positional argument in node constructor,https://github.com/microsoft/onnxscript/issues/1984,2,"['good first issue', 'contribution welcome']",2024-12-26,2026-01-07
microsoft/TRELLIS,Python,TRELLIS API,https://github.com/microsoft/TRELLIS/issues/65,2,['good first issue'],2024-12-14,2025-07-21
microsoft/vscode-pylint,Python,Cannot globally set Import Strategy,https://github.com/microsoft/vscode-pylint/issues/581,2,"['bug', 'good first issue', 'help wanted', 'needs PR']",2024-11-29,2025-09-24
huggingface/lighteval,Python,[FT]  Add tests for nanotron,https://github.com/huggingface/lighteval/issues/765,3,"['good first issue', 'help wanted', 'feature', 'ignore-for-release']",2025-05-21,2025-12-04
huggingface/lighteval,Python,[FT] Build in a way to specify specific IDs/Lines in Dataset to use as few-shot examples in the same split,https://github.com/huggingface/lighteval/issues/634,3,"['good first issue', 'help wanted', 'feature']",2025-03-21,2026-06-16
huggingface/lighteval,Python,[EVAL] Big-Bench Extra Hard (BBEH),https://github.com/huggingface/lighteval/issues/600,3,"['good first issue', 'help wanted', 'new-task', 'science-team']",2025-03-03,2025-12-04
huggingface/optimum-habana,Python,Add support for max_length in run_generation,https://github.com/huggingface/optimum-habana/issues/472,3,"['bug', 'good first issue']",2023-10-18,2023-10-19
huggingface/dataset-viewer,Python,Use `CONSTANT_LIST.copy` in list config fieds,https://github.com/huggingface/dataset-viewer/issues/1522,3,"['good first issue', 'refactoring / architecture', 'P2']",2023-07-17,2025-07-10
huggingface/transfer-learning-conv-ai,Python,"RuntimeError: shape '[-1, 2, 34]' is invalid for input of size 61710",https://github.com/huggingface/transfer-learning-conv-ai/issues/12,3,['good first issue'],2019-06-04,2022-09-02
microsoft/agent-governance-toolkit,Python,"credential_redactor: docs imply redact() scrubs PII, but it covers secrets only; SSN patterns diverge",https://github.com/microsoft/agent-governance-toolkit/issues/3239,3,"['documentation', 'good first issue']",2026-06-30,2026-07-13
microsoft/agent-governance-toolkit,Python,bug(examples/flowise-governance): flowise-flow.json fails to import on Flowise 2.x and 3.x,https://github.com/microsoft/agent-governance-toolkit/issues/3194,3,"['bug', 'good first issue', 'help wanted', 'integration/flowise-agentmesh', 'needs-review:MEDIUM', 'Priority: HIGH']",2026-06-26,2026-08-04
microsoft/data-formulator,Python,Docker Support,https://github.com/microsoft/data-formulator/issues/85,3,['good first issue'],2025-02-13,2026-03-14
godotengine/godot-blender-exporter,Python,Blender object with negative scale,https://github.com/godotengine/godot-blender-exporter/issues/24,3,['good first issue'],2018-05-11,2020-10-09
huggingface/lerobot,Python,Ensure the utilities module passes MyPy type checks,https://github.com/huggingface/lerobot/issues/1727,4,"['python', 'good first issue']",2025-08-13,2026-04-08
huggingface/lighteval,Python,[FT] showing count in Markdown summary table,https://github.com/huggingface/lighteval/issues/804,4,"['good first issue', 'feature']",2025-06-09,2026-07-26
huggingface/lighteval,Python,[EVAL]: Add more African Benchmarks,https://github.com/huggingface/lighteval/issues/373,4,"['good first issue', 'help wanted', 'new-task']",2024-10-24,2024-11-08
huggingface/dataset-viewer,Python,Cache/Queue metrics should not be negative,https://github.com/huggingface/dataset-viewer/issues/2495,4,"['bug', 'good first issue', 'P2', 'metrics']",2024-02-23,2025-08-04
microsoft/BitBLAS,Python,"Example of bitblas/ladder with dtypes like int3, int5, int6, int7",https://github.com/microsoft/BitBLAS/issues/244,4,"['enhancement', 'good first issue']",2024-11-11,2024-12-16
huggingface/lighteval,Python,[BUG] custom model docs don't run: missing imports,https://github.com/huggingface/lighteval/issues/760,5,"['bug', 'documentation', 'good first issue']",2025-05-21,2025-05-21
huggingface/nanotron,Python,Avoid nested `InheritFromOtherOptimizer`,https://github.com/huggingface/nanotron/issues/267,5,"['good first issue', 'help wanted', 'Low Priority']",2025-01-15,2025-09-23
huggingface/nanotron,Python,[Unit Test] Add unit tests for DistributedTrainer,https://github.com/huggingface/nanotron/issues/90,5,"['good first issue', 'help wanted', 'High Priority']",2024-03-02,2024-03-03
huggingface/lighteval,Python,Append revision to filepath in `--output_dir`?,https://github.com/huggingface/lighteval/issues/56,5,"['good first issue', 'feature', 'science-team']",2024-02-26,2025-09-10
huggingface/optimum-benchmark,Python,Evaluators for specific tasks,https://github.com/huggingface/optimum-benchmark/issues/34,5,"['enhancement', 'good first issue']",2023-08-21,2023-12-07
huggingface/optimum,Python,Add all available ONNX models to ORTConfigManager,https://github.com/huggingface/optimum/issues/351,5,['good first issue'],2022-08-16,2026-08-07
microsoft/agent-governance-toolkit,Python,"[Bug]: Quickstart imports fail on base install — README paths need [full], and agent_os is deprecated",https://github.com/microsoft/agent-governance-toolkit/issues/3253,5,"['bug', 'documentation', 'good first issue']",2026-07-04,2026-08-09
huggingface/lighteval,Python,[FT] Improve Documentation and Examples,https://github.com/huggingface/lighteval/issues/682,6,"['documentation', 'good first issue', 'help wanted', 'feature']",2025-04-21,2025-05-15
microsoft/data-formulator,Python,Expand chart type supports,https://github.com/microsoft/data-formulator/issues/193,6,"['good first issue', 'help wanted']",2025-11-07,2025-12-05
huggingface/lighteval,Python,[EVAL] Long Horizon Execution,https://github.com/huggingface/lighteval/issues/1056,7,"['good first issue', 'help wanted', 'new-task']",2025-11-13,2026-01-25
huggingface/accelerate,Python,[Community Contributions] examples on distributed inference using 🤗 Accelerate,https://github.com/huggingface/accelerate/issues/3078,7,"['good first issue', 'wip', 'contributions-welcome']",2024-09-04,2026-07-30
huggingface/nanotron,Python,[Bug] Missing `_is_using_mup` when resume checkpoint,https://github.com/huggingface/nanotron/issues/198,7,"['bug', 'good first issue', 'help wanted']",2024-06-14,2026-07-29
microsoft/onnxscript,Python,Attention fusion (SDPA/MHA) broken for BART decoder with/wo past🐛,https://github.com/microsoft/onnxscript/issues/2424,7,"['good first issue', 'contribution welcome', 'module: rewriter']",2025-06-29,2026-03-01
microsoft/autogen,Python,Get current message thread from a group chat team.,https://github.com/microsoft/autogen/issues/6085,7,"['good first issue', 'help wanted', 'proj-agentchat']",2025-03-24,2026-04-30
microsoft/markitdown,Python,File support: chm support,https://github.com/microsoft/markitdown/issues/14,7,"['enhancement', 'good first issue']",2024-12-13,2026-06-10
huggingface/lerobot,Python,Select the VLM backbone for SmolVLA,https://github.com/huggingface/lerobot/issues/2104,8,"['question', 'policies', 'good first issue']",2025-10-02,2026-03-26
huggingface/diffusers,Python,Make `FlaxLMSDiscreteScheduler` jittable,https://github.com/huggingface/diffusers/issues/2180,8,['good first issue'],2023-01-31,2025-06-28
huggingface/lighteval,Python,[EVAL] Adding PHARE,https://github.com/huggingface/lighteval/issues/696,9,"['good first issue', 'help wanted', 'new-task']",2025-04-30,2026-07-16
huggingface/diffusers,Python,Support multiple control nets in the `StableDiffusionControlNetXSPipeline`/`StableDiffusionXLControlNetXSPipeline`,https://github.com/huggingface/diffusers/issues/8434,9,"['good first issue', 'community-examples', 'contributions-welcome']",2024-06-07,2025-08-08
huggingface/lerobot,Python,Distributed v2.1 -> v3.0 conversion,https://github.com/huggingface/lerobot/issues/1998,10,"['dataset', 'performance', 'good first issue']",2025-09-22,2026-06-10
huggingface/lighteval,Python,[EVAL] Add TUMLU benchmark,https://github.com/huggingface/lighteval/issues/577,10,"['good first issue', 'help wanted', 'new-task']",2025-02-19,2025-05-15
huggingface/datasets,Python,WMT21 & WMT22,https://github.com/huggingface/datasets/issues/4709,10,"['good first issue', 'dataset request']",2022-07-18,2026-02-26
microsoft/onnxscript,Python,[torchlib] Inefficient implementations,https://github.com/microsoft/onnxscript/issues/2489,10,"['good first issue', 'module: torchlib', 'contribution welcome']",2025-08-14,2026-07-01
huggingface/diffusers,Python,[Flux ControlNet] Add support for de-distilled models with CFG,https://github.com/huggingface/diffusers/issues/9635,13,"['good first issue', 'contributions-welcome']",2024-10-10,2026-07-08
huggingface/diffusers,Python,[Pipeline] AnimateDiff + SparseControl + ControlNet,https://github.com/huggingface/diffusers/issues/9329,14,"['good first issue', 'community-examples', 'contributions-welcome', 'consider-for-modular-diffusers']",2024-08-30,2025-09-10
microsoft/markitdown,Python,Support for .doc extensions,https://github.com/microsoft/markitdown/issues/23,14,"['enhancement', 'good first issue', 'open for contribution']",2024-12-14,2026-06-02
microsoft/data-formulator,Python,Create new data loaders to different resources,https://github.com/microsoft/data-formulator/issues/156,15,"['good first issue', 'help wanted']",2025-05-13,2025-12-11
microsoft/markitdown,Python,LLM Integration,https://github.com/microsoft/markitdown/issues/12,17,"['enhancement', 'good first issue']",2024-12-13,2026-06-08
huggingface/lerobot,Python,Make policies compatible with torch.compile,https://github.com/huggingface/lerobot/issues/2061,18,"['enhancement', 'performance', 'good first issue']",2025-09-26,2026-03-23
huggingface/datasets,Python,"Consider using ""Sequence"" instead of ""List""",https://github.com/huggingface/datasets/issues/5354,19,"['enhancement', 'good first issue']",2022-12-12,2026-07-11
microsoft/autogen,Python,need docs/bicep/etc for how to setup with full TLS between all nodes,https://github.com/microsoft/autogen/issues/4373,21,"['documentation', 'good first issue']",2024-11-26,2026-07-01
huggingface/diffusers,Python,Expanded init fields in StableDiffusionPipeline cause incompatibilities with many/most inherited pipelines,https://github.com/huggingface/diffusers/issues/6969,22,"['bug', 'good first issue', 'help wanted', 'wip', 'contributions-welcome']",2024-02-13,2025-10-31
huggingface/datasets,Python,Return the name of the currently loaded file in the load_dataset function.,https://github.com/huggingface/datasets/issues/5806,22,"['enhancement', 'good first issue']",2023-04-28,2026-07-31
huggingface/optimum,Python,Community contribution - `BetterTransformer` integration for more models!,https://github.com/huggingface/optimum/issues/488,26,['good first issue'],2022-11-18,2025-05-20
huggingface/huggingface_hub,Python,[Community event] Translate documentation to your own langage,https://github.com/huggingface/huggingface_hub/issues/1700,29,"['documentation', 'good first issue']",2023-09-29,2026-07-29
microsoft/TRELLIS,Python,Can this be used commercially?,https://github.com/microsoft/TRELLIS/issues/41,30,['good first issue'],2024-12-09,2025-10-18
microsoft/autogen,Python,"open needs encoding='utf-8' for non-english environment, error in playwright_controller.py",https://github.com/microsoft/autogen/issues/5566,32,"['good first issue', 'help wanted']",2025-02-16,2026-07-24
microsoft/TRELLIS,Python,How to generate 3D assets with more number of faces?,https://github.com/microsoft/TRELLIS/issues/58,34,['good first issue'],2024-12-12,2025-01-25
microsoft/TRELLIS,Python,Setting Up Trellis on Windows,https://github.com/microsoft/TRELLIS/issues/3,53,['good first issue'],2024-12-06,2025-11-02
huggingface/peft,Python,Comparison of Different Fine-Tuning Techniques for Conversational AI,https://github.com/huggingface/peft/issues/2310,149,"['good first issue', 'help wanted', 'contributions-welcome']",2025-01-07,2026-08-06
huggingface/ratchet,Rust,Reduce dependencies! 🗡️,https://github.com/huggingface/ratchet/issues/170,0,"['help wanted', 'good first issue']",2024-04-17,2024-04-17
microsoft/openvmm,Rust,remove usages of futures::select! in the repo with futures_concurrency,https://github.com/microsoft/openvmm/issues/1246,0,"['good first issue', 'linting']",2025-04-25,2025-06-21
microsoft/windows-drivers-rs,Rust,Migrate from fs4 to std::File flocks,https://github.com/microsoft/windows-drivers-rs/issues/300,0,['good first issue'],2025-02-20,2025-08-15
microsoft/openvmm,Rust,fdt/builder: enforce BE datatypes on add_prop_array,https://github.com/microsoft/openvmm/issues/777,0,"['enhancement', 'good first issue']",2025-02-04,2025-06-21
microsoft/openvmm,Rust,repo: move no_std custom error types over to thiserror,https://github.com/microsoft/openvmm/issues/1811,1,['good first issue'],2025-08-05,2025-08-08
microsoft/openvmm,Rust,Clean up our windows API dependencies,https://github.com/microsoft/openvmm/issues/1061,1,"['good first issue', 'dependencies']",2025-03-18,2026-03-09
microsoft/openvmm,Rust,zerocopy: clean up TODOs,https://github.com/microsoft/openvmm/issues/759,1,"['good first issue', 'dependencies']",2025-01-31,2025-07-07
microsoft/openvmm,Rust,openvmm: emulated nvme configuration,https://github.com/microsoft/openvmm/issues/1534,2,"['enhancement', 'good first issue']",2025-06-18,2025-08-08
microsoft/windows-drivers-rs,Rust,HID hidport.h headers missing for UMDF build,https://github.com/microsoft/windows-drivers-rs/issues/355,3,['good first issue'],2025-05-14,2025-05-14
godotengine/discourse-theme,SCSS,Change default `green` to our own green for the Solved questions,https://github.com/godotengine/discourse-theme/issues/14,0,"['enhancement', 'good first issue']",2024-03-25,2024-04-10
godotengine/discourse-theme,SCSS,Make tag and tag count more distinct,https://github.com/godotengine/discourse-theme/issues/11,0,"['enhancement', 'good first issue']",2023-12-10,2023-12-10
godotengine/discourse-theme,SCSS,Categories are not rounded on mobile,https://github.com/godotengine/discourse-theme/issues/3,0,"['enhancement', 'good first issue']",2023-11-23,2023-12-10
godotengine/discourse-theme,SCSS,Search bar should not cover full width on mobile,https://github.com/godotengine/discourse-theme/issues/2,0,"['enhancement', 'good first issue']",2023-11-23,2023-12-10
godotengine/discourse-theme,SCSS,"Remove the ""Sign Up"" button from navbar",https://github.com/godotengine/discourse-theme/issues/15,2,"['bug', 'good first issue']",2024-04-10,2024-04-10
mattermost/mattermost-gitpod-config,Shell,"If a the workspace repo doesn't define `.gitpod/*.sh` files, we shouldn't try to run them",https://github.com/mattermost/mattermost-gitpod-config/issues/50,0,"['good first issue', 'help wanted']",2023-11-28,2023-11-28
mattermost/mattermost-gitpod-config,Shell,Improve development flow of opening the Mattermost webapp automatically,https://github.com/mattermost/mattermost-gitpod-config/issues/49,0,"['good first issue', 'help wanted']",2023-11-28,2023-11-28
layer5io/trigger-remote-provider-action,Shell,"to fix error in ""Slack Notify on Star"" Job under GitHub Actions ",https://github.com/layer5io/trigger-remote-provider-action/issues/12,4,"['good first issue', 'help wanted', 'kind/bug', 'kind/enhancement']",2023-09-27,2026-03-22
hashicorp/waypoint-helm,Smarty,An ability to define Tolerations for Server and Runner StatefulSets,https://github.com/hashicorp/waypoint-helm/issues/42,1,"['enhancement', 'good first issue']",2022-07-08,2022-07-13
huggingface/sam2-studio,Swift,Model download selector,https://github.com/huggingface/sam2-studio/issues/28,1,"['help wanted', 'good first issue']",2024-10-01,2024-10-01
huggingface/chat-macOS,Swift,[Feature Request] System Prompt Support,https://github.com/huggingface/chat-macOS/issues/35,2,"['enhancement', 'good first issue']",2024-11-06,2024-12-03
huggingface/chat-macOS,Swift,"Asking ""what time is it?"" will always return the local time of Paris, regardless of your location (⌘R+)",https://github.com/huggingface/chat-macOS/issues/7,2,['good first issue'],2024-09-24,2024-10-23
huggingface/chat-macOS,Swift,Add custom LLM API ,https://github.com/huggingface/chat-macOS/issues/18,5,['good first issue'],2024-09-27,2025-02-14
huggingface/sam2-studio,Swift,Video support estimated release date?,https://github.com/huggingface/sam2-studio/issues/25,26,"['enhancement', 'help wanted', 'good first issue']",2024-09-28,2026-01-31
microsoft/Agent365-nodejs,TypeScript,"Convert ""test-agents"" into E2E tests",https://github.com/microsoft/Agent365-nodejs/issues/15,0,['good first issue'],2025-10-29,2025-10-29
microsoft/vscode-jupyter,TypeScript,Add magic line comments regex pattern as configuration for uncommentMagicCommands,https://github.com/microsoft/vscode-jupyter/issues/16499,0,"['good first issue', 'feature-request']",2025-03-24,2025-03-24
microsoft/vscode-azurestorage,TypeScript,"There is a redundant Azure activity log ""upload 0 files to xxx"" when uploading a folder by ""Upload to Azure Storage..."" command",https://github.com/microsoft/vscode-azurestorage/issues/1373,0,"['🐛 bug', 'good first issue', 'AT-CTI']",2025-01-22,2025-09-09
mattermost/mattermost-test-management,TypeScript,"feat: add validation to custom field's ""Location""",https://github.com/mattermost/mattermost-test-management/issues/25,0,"['enhancement', 'good first issue']",2022-11-25,2024-01-30
decentraland/creator-hub,TypeScript,Name tooltip too high when searching,https://github.com/decentraland/creator-hub/issues/1010,0,"['bug', 'good first issue', '3-low']",2026-01-07,2026-01-07
decentraland/auth,TypeScript,Migrate getAnalytics to useAnalytics Hook,https://github.com/decentraland/auth/issues/198,0,"['enhancement', 'good first issue']",2025-10-02,2025-10-02
decentraland/ui2,TypeScript,Change JumpIn component behavior,https://github.com/decentraland/ui2/issues/284,0,"['enhancement', 'good first issue']",2025-09-26,2025-09-26
decentraland/catalyst-client,TypeScript,Add missing endpoints to Lambdas Client (review the other clients) to keep it up to date,https://github.com/decentraland/catalyst-client/issues/479,0,"['enhancement', 'good first issue']",2025-09-24,2025-09-24
decentraland/ui2,TypeScript,UI issues in notifications,https://github.com/decentraland/ui2/issues/281,0,"['bug', 'good first issue']",2025-09-19,2025-09-19
decentraland/creator-hub,TypeScript,Missing owner property on Worlds deployment,https://github.com/decentraland/creator-hub/issues/774,0,"['bug', 'good first issue', '2-medium']",2025-09-09,2025-11-18
decentraland/creator-hub,TypeScript,Change selected item highlight effect,https://github.com/decentraland/creator-hub/issues/768,0,"['good first issue', 'editor', '2-medium', 'pending design']",2025-09-08,2025-09-08
decentraland/jump-site,TypeScript,[Jump Site] - Fix the thumbnails for the scenes and events are not correctly scaled.,https://github.com/decentraland/jump-site/issues/53,0,"['bug', 'good first issue']",2025-07-03,2026-03-13
decentraland/asset-packs,TypeScript,Fix hide image action,https://github.com/decentraland/asset-packs/issues/170,0,"['bug', 'good first issue']",2025-04-30,2025-04-30
decentraland/creator-hub,TypeScript,Reorder scene list on landing,https://github.com/decentraland/creator-hub/issues/437,0,"['good first issue', 'editor', '3-low']",2025-02-11,2026-03-16
decentraland/creator-hub,TypeScript,Separate search results by category,https://github.com/decentraland/creator-hub/issues/430,0,"['good first issue', 'editor', 'dev exp', '3-low']",2025-02-06,2025-09-03
decentraland/creator-hub,TypeScript,Row spacing in asset packs stretches in ugly way,https://github.com/decentraland/creator-hub/issues/429,0,"['good first issue', 'editor', '3-low']",2025-02-06,2026-03-16
decentraland/creator-hub,TypeScript,Publish status/history improvements,https://github.com/decentraland/creator-hub/issues/338,0,"['enhancement', 'good first issue', '3-low']",2024-12-13,2024-12-13
decentraland/creator-hub,TypeScript,"Field width wide as longest option, not current value",https://github.com/decentraland/creator-hub/issues/200,0,"['good first issue', 'editor', '3-low']",2024-04-29,2026-03-16
decentraland/builder,TypeScript,Item badges have broken styles in the Third Party Collections detail page,https://github.com/decentraland/builder/issues/2733,0,"['bug', 'good first issue', 'ui']",2023-07-10,2023-07-10
decentraland/decentraland-connect,TypeScript,Remove unussed network rpc urls,https://github.com/decentraland/decentraland-connect/issues/59,0,['good first issue'],2023-06-09,2023-06-09
decentraland/account,TypeScript,The withdrawal from Polygon modal styles are broken,https://github.com/decentraland/account/issues/277,0,"['bug', 'good first issue']",2023-05-23,2023-06-22
decentraland/marketplace,TypeScript,Wait until all the profiles are loaded before showing the modal with list of users that picks the item,https://github.com/decentraland/marketplace/issues/1620,0,"['enhancement', 'good first issue', 'ui']",2023-04-27,2023-07-06
decentraland/account,TypeScript,Change alias is shown when the user has no names,https://github.com/decentraland/account/issues/264,0,"['bug', 'good first issue']",2023-04-12,2023-04-12
decentraland/builder,TypeScript,Wrong items left to curate for third parties without items to curate,https://github.com/decentraland/builder/issues/2573,0,"['bug', 'good first issue']",2023-03-24,2023-03-24
decentraland/builder,TypeScript,Third party checkboxes being grayed out but functional,https://github.com/decentraland/builder/issues/2572,0,"['bug', 'good first issue']",2023-03-24,2023-03-24
decentraland/governance,TypeScript,Formatting within comments is not displayed correctly,https://github.com/decentraland/governance/issues/776,0,"['bug', 'good first issue']",2023-03-02,2023-03-02
decentraland/marketplace,TypeScript,Move the view listing button from the rental box to the top card in the land management page,https://github.com/decentraland/marketplace/issues/1393,0,"['enhancement', 'good first issue']",2023-02-07,2023-04-12
decentraland/marketplace,TypeScript,Add a message explaining how bids are going to be affected in the confirm rental listing modal,https://github.com/decentraland/marketplace/issues/1390,0,"['enhancement', 'good first issue']",2023-02-07,2023-04-12
decentraland/builder,TypeScript,Avoid letting the user click the Enable collection button if the enabling process is pending,https://github.com/decentraland/builder/issues/2489,0,"['enhancement', 'good first issue']",2022-12-20,2023-04-06
decentraland/builder,TypeScript,I can sign the approve collection transaction and close the modal a few seconds after,https://github.com/decentraland/builder/issues/2488,0,"['enhancement', 'good first issue']",2022-12-20,2023-04-06
decentraland/builder,TypeScript,[Names] Show error messages when setting a name as an alias or a link fails,https://github.com/decentraland/builder/issues/2455,0,"['enhancement', 'good first issue']",2022-12-01,2023-04-06
decentraland/marketplace,TypeScript,Add a link to the documentation in the confirm listing modal,https://github.com/decentraland/marketplace/issues/1078,0,"['enhancement', 'good first issue']",2022-11-30,2023-04-12
decentraland/marketplace,TypeScript,Add a link to the operator's documentation in the confirm rent modal,https://github.com/decentraland/marketplace/issues/1045,0,"['enhancement', 'good first issue']",2022-11-25,2023-04-12
decentraland/marketplace,TypeScript,Add a tooltip to the proceed button if the price is not set in the confirm rent modal,https://github.com/decentraland/marketplace/issues/1037,0,"['enhancement', 'good first issue']",2022-11-24,2023-04-06
decentraland/decentraland-connect,TypeScript,Unhandled PollingBlockTracker error crashes the explorer,https://github.com/decentraland/decentraland-connect/issues/41,0,"['bug', 'good first issue', 'help wanted']",2022-11-14,2022-11-16
decentraland/builder,TypeScript,The Editor pagination component redirects to the wrong page,https://github.com/decentraland/builder/issues/2410,0,"['bug', 'good first issue']",2022-11-09,2022-11-09
decentraland/builder,TypeScript,Make the Catalyst deployment of non third party wearables queued,https://github.com/decentraland/builder/issues/2389,0,['good first issue'],2022-10-27,2023-04-12
decentraland/builder,TypeScript,Add tests for ens module sagas ,https://github.com/decentraland/builder/issues/2274,0,"['enhancement', 'good first issue']",2022-08-25,2023-04-13
decentraland/marketplace,TypeScript,[Browse Page] Add Rarities + Collections filters,https://github.com/decentraland/marketplace/issues/737,0,['good first issue'],2022-07-06,2022-10-31
decentraland/builder-server,TypeScript,"Stop accepting isPublished, isApproved, minters and managers properties",https://github.com/decentraland/builder-server/issues/553,0,['good first issue'],2022-06-30,2022-06-30
decentraland/builder-server,TypeScript,Stop accepting the id field for Collections on Collections creation,https://github.com/decentraland/builder-server/issues/552,0,['good first issue'],2022-06-30,2023-04-12
decentraland/builder,TypeScript,The item search bar in the third party collection view doesn't work,https://github.com/decentraland/builder/issues/2110,0,"['bug', 'good first issue']",2022-06-01,2022-10-28
decentraland/builder,TypeScript,The loading slots icon breaks the header style while loading,https://github.com/decentraland/builder/issues/1970,0,"['bug', 'good first issue']",2022-04-14,2022-06-22
decentraland/builder,TypeScript,Refactor the ConfirmDelete modal to be used everywhere a delete confirmation is needed,https://github.com/decentraland/builder/issues/1959,0,['good first issue'],2022-04-11,2022-04-11
decentraland/builder,TypeScript,Curation table columns don't have enough padding,https://github.com/decentraland/builder/issues/1944,0,"['enhancement', 'good first issue']",2022-04-07,2022-06-20
decentraland/builder,TypeScript,Rejecting the transaction in the approval modal shows an unreadable error,https://github.com/decentraland/builder/issues/1924,0,"['bug', 'good first issue']",2022-04-01,2022-06-20
decentraland/builder,TypeScript,Closing the Metamask window when signing the TP approval doesn't show an error,https://github.com/decentraland/builder/issues/1923,0,"['bug', 'good first issue']",2022-04-01,2022-06-20
decentraland/builder,TypeScript,Render the Merkle Tree root in the approval flow modal,https://github.com/decentraland/builder/issues/1865,0,['good first issue'],2022-03-18,2022-10-27
decentraland/builder,TypeScript,Use the builder client to fetch the approval data,https://github.com/decentraland/builder/issues/1855,0,['good first issue'],2022-03-15,2022-06-20
decentraland/builder-server,TypeScript,Replace isomorphic-fetch with node-fetch,https://github.com/decentraland/builder-server/issues/434,0,['good first issue'],2022-03-11,2022-03-11
decentraland/marketplace,TypeScript,Check why 2 requests to fetch the store are sent at the same time,https://github.com/decentraland/marketplace/issues/575,0,"['enhancement', 'good first issue']",2022-03-11,2022-12-29
decentraland/decentraland-dapps,TypeScript,Support Trezor for meta txs,https://github.com/decentraland/decentraland-dapps/issues/220,0,"['enhancement', 'good first issue']",2022-03-08,2022-07-04
decentraland/builder,TypeScript,Fix disabled Dropdown Items not showing Popup component,https://github.com/decentraland/builder/issues/1810,0,['good first issue'],2022-02-28,2022-02-28
decentraland/builder,TypeScript,Update TAC for publishing wearables,https://github.com/decentraland/builder/issues/1789,0,['good first issue'],2022-02-14,2022-02-14
decentraland/marketplace,TypeScript,Move Mint Item functionality to the marketplace,https://github.com/decentraland/marketplace/issues/543,0,"['enhancement', 'good first issue', 'help wanted']",2022-01-26,2022-11-29
decentraland/builder,TypeScript,Add a search bar to the /collections list,https://github.com/decentraland/builder/issues/1742,0,"['good first issue', 'tech enhancement', 'dapps']",2022-01-24,2024-04-26
decentraland/builder,TypeScript,Order items by blockchain Id in the builder,https://github.com/decentraland/builder/issues/1735,0,['good first issue'],2022-01-21,2022-01-21
decentraland/decentraland-connect,TypeScript,Remove unused files from the public release,https://github.com/decentraland/decentraland-connect/issues/28,0,"['enhancement', 'good first issue']",2022-01-04,2022-07-04
decentraland/builder,TypeScript,Multiple mints set invalid values,https://github.com/decentraland/builder/issues/1690,0,"['bug', 'good first issue', 'tech enhancement', 'dapps']",2021-12-06,2024-04-30
decentraland/account,TypeScript,Enhance transaction modals,https://github.com/decentraland/account/issues/167,0,"['enhancement', 'good first issue']",2021-11-16,2022-06-23
decentraland/builder,TypeScript,Show progress bar on Upload Files modal,https://github.com/decentraland/builder/issues/1614,0,"['enhancement', 'good first issue']",2021-10-15,2023-04-12
decentraland/builder,TypeScript,Broken link on publish collection Content Policy,https://github.com/decentraland/builder/issues/1588,0,['good first issue'],2021-10-07,2022-10-31
decentraland/kernel,TypeScript,Move empty parcels to their own repository,https://github.com/decentraland/kernel/issues/794,0,"['good first issue', 'stream-core']",2021-08-16,2023-01-06
decentraland/builder,TypeScript,Add a tooltip to the publish button to explain the user what is needed to publish a collection,https://github.com/decentraland/builder/issues/1485,0,['good first issue'],2021-07-22,2021-09-22
decentraland/builder,TypeScript,Show collection/item name/description errors onChange,https://github.com/decentraland/builder/issues/1461,0,"['enhancement', 'good first issue']",2021-06-30,2021-07-01
decentraland/builder,TypeScript,Refactor: The sagas for collaborators and minters are almost identical,https://github.com/decentraland/builder/issues/1451,0,"['enhancement', 'good first issue', 'chore', 'tech enhancement']",2021-06-17,2024-04-30
decentraland/builder,TypeScript,Show a more detailed view of the changes to collaborators/minters,https://github.com/decentraland/builder/issues/1450,0,"['enhancement', 'good first issue']",2021-06-17,2022-10-31
decentraland/decentraland-dapps,TypeScript,Make the track function `add` generic so we can type the action it supplies,https://github.com/decentraland/decentraland-dapps/issues/143,0,"['enhancement', 'good first issue']",2021-05-18,2022-07-04
decentraland/decentraland-connect,TypeScript,Consider tracking provider method usage,https://github.com/decentraland/decentraland-connect/issues/13,0,"['enhancement', 'good first issue']",2021-03-11,2022-07-04
decentraland/builder,TypeScript,[ENS] There's no name check before authorising MANA which can lead to a loss of funds,https://github.com/decentraland/builder/issues/1246,0,"['bug', 'good first issue']",2021-02-10,2022-10-31
decentraland/explorer,TypeScript,Add new AvatarModifier: Force camera mode,https://github.com/decentraland/explorer/issues/1948,0,"['SDK', 'good first issue']",2021-01-19,2021-08-04
decentraland/atlas-server,TypeScript,Add a redirect or message with a link to the documentation at /,https://github.com/decentraland/atlas-server/issues/3,0,['good first issue'],2020-12-14,2020-12-14
decentraland/builder,TypeScript,Add a way to de-assign a Name from a Land (Parcel/Estate) from the table,https://github.com/decentraland/builder/issues/1203,0,"['enhancement', 'good first issue']",2020-12-10,2022-10-31
microsoft/genaiscript,TypeScript,Open Telemetry,https://github.com/microsoft/genaiscript/issues/1323,1,"['enhancement', 'good first issue']",2025-03-19,2025-03-19
microsoft/vscode-python-debugger,TypeScript,Add a `debugpy.sh` for the no-config debugging,https://github.com/microsoft/vscode-python-debugger/issues/651,1,"['bug', 'good first issue']",2025-03-05,2026-01-10
microsoft/Game-Control-Puzzle-Event-Administration-Tools,TypeScript,Per team and per puzzle activity feeds,https://github.com/microsoft/Game-Control-Puzzle-Event-Administration-Tools/issues/81,1,['good first issue'],2025-03-02,2026-08-01
microsoft/vscode-azurestorage,TypeScript,Using vs-code to edit files in blob storage changes the files content-type.,https://github.com/microsoft/vscode-azurestorage/issues/1352,1,['good first issue'],2024-11-13,2026-04-29
hashicorp/terraform-cdk,TypeScript,CLI UX: Nicer output for `cdktf synth` if there are no stacks in an app,https://github.com/hashicorp/terraform-cdk/issues/2793,1,"['enhancement', 'good first issue', 'cdktf-cli', 'priority/backlog', 'ux/cli']",2023-04-12,2023-05-28
hashicorp/terraform-cdk,TypeScript,Support `local-exec` `quiet` attribute,https://github.com/hashicorp/terraform-cdk/issues/2702,1,"['enhancement', 'good first issue', 'help wanted', 'cdktf', 'priority/backlog', 'core-parity']",2023-03-09,2023-06-01
mattermost/mattermost-test-management,TypeScript,Display Errors and Files name in which they occurr,https://github.com/mattermost/mattermost-test-management/issues/20,1,"['enhancement', 'good first issue', 'help wanted']",2022-11-23,2022-11-24
freeCodeCamp/chapter,TypeScript,Updating Different Users section in contribution guide,https://github.com/freeCodeCamp/chapter/issues/1914,1,"['Documentation', 'Good First Issue']",2022-11-17,2022-11-20
decentraland/builder,TypeScript,Add a search bar to NAMEs list,https://github.com/decentraland/builder/issues/3330,1,"['enhancement', 'good first issue', 'dapps']",2025-12-26,2025-12-27
decentraland/creator-hub,TypeScript,"Need to click twice on ""Create Scene"" button to create the scene",https://github.com/decentraland/creator-hub/issues/832,1,"['bug', 'good first issue', 'editor', '2-medium', 'Quality Of Life']",2025-10-16,2026-01-22
decentraland/creator-hub,TypeScript,Duplicated items appear at the bottom of the list,https://github.com/decentraland/creator-hub/issues/595,1,"['bug', 'good first issue', 'editor', '2-medium']",2025-05-08,2026-02-18
decentraland/marketplace,TypeScript,Capitalize land filter words,https://github.com/decentraland/marketplace/issues/1395,1,"['enhancement', 'good first issue']",2023-02-07,2023-05-23
decentraland/builder,TypeScript,Create auto-assign button on mint items from collection modal,https://github.com/decentraland/builder/issues/2442,1,"['enhancement', 'good first issue']",2022-11-22,2023-04-12
decentraland/builder,TypeScript,Add +- buttons to number input in mint items from collection,https://github.com/decentraland/builder/issues/2443,1,"['enhancement', 'good first issue']",2022-11-22,2023-04-12
decentraland/marketplace,TypeScript,Inject `title` and description for each page,https://github.com/decentraland/marketplace/issues/603,1,['good first issue'],2022-04-10,2023-11-07
decentraland/builder,TypeScript,Add link to documentation in the id field when creating TP collections,https://github.com/decentraland/builder/issues/1844,1,"['good first issue', 'blocked']",2022-03-14,2022-06-22
decentraland/decentraland-dapps,TypeScript,Always show metamask button enable,https://github.com/decentraland/decentraland-dapps/issues/186,1,['good first issue'],2021-10-15,2022-10-27
decentraland/builder,TypeScript,Assigned Parcel Name dissapears after changing language,https://github.com/decentraland/builder/issues/1540,1,"['bug', 'good first issue']",2021-09-07,2022-10-27
decentraland/builder,TypeScript,Rarity dropdown appears when editing representation of published item,https://github.com/decentraland/builder/issues/1465,1,"['bug', 'good first issue']",2021-07-02,2022-06-23
decentraland/builder,TypeScript,Loading indicator in activity overlaps with Menu,https://github.com/decentraland/builder/issues/1399,1,"['bug', 'good first issue']",2021-05-31,2021-06-30
decentraland/explorer,TypeScript,Switch to `?x=1&y=2` instead of `?position=1%C02`,https://github.com/decentraland/explorer/issues/1430,1,['good first issue'],2020-10-14,2021-08-05
decentraland/explorer,TypeScript,"Blocking error on console: ""Warning: Unsupported graphics API WebGL 2.0""",https://github.com/decentraland/explorer/issues/1333,1,"['bug', 'good first issue', 'kernel']",2020-09-21,2020-10-21
huggingface/huggingface.js,TypeScript,Maximize button not working properly on Hosted inference API block,https://github.com/huggingface/huggingface.js/issues/335,2,"['good first issue', 'widgets']",2023-01-30,2023-11-24
microsoft/vscode-containers,TypeScript,Add “Compose Pull / Update All Images” command for Docker Compose projects,https://github.com/microsoft/vscode-containers/issues/414,2,['good first issue'],2026-03-11,2026-03-18
hashicorp/terraform-cdk,TypeScript,Typo in Tokenizer code?,https://github.com/hashicorp/terraform-cdk/issues/2709,2,"['bug', 'good first issue', 'help wanted', 'cdktf', 'priority/backlog', 'size/small', 'feature/tokens']",2023-03-09,2023-06-02
decentraland/marketplace,TypeScript,It's hard to detect when the kebab menu of the ListCard is clickable,https://github.com/decentraland/marketplace/issues/1866,2,"['enhancement', 'good first issue', 'ui']",2023-06-22,2023-07-31
decentraland/marketplace,TypeScript,Show full name when hovering over Lands and Wearables,https://github.com/decentraland/marketplace/issues/590,2,"['enhancement', 'good first issue']",2022-02-07,2024-08-23
huggingface/chat-ui,TypeScript,Load past conversations using the most recent leaf to determine the visible conversation tree.,https://github.com/huggingface/chat-ui/issues/1208,3,"['enhancement', 'good first issue', 'front']",2024-05-28,2024-07-06
microsoft/vscode-containers,TypeScript,Add presentation options to Docker extension's compose commands,https://github.com/microsoft/vscode-containers/issues/350,3,['good first issue'],2026-01-22,2026-01-28
microsoft/teams.ts,TypeScript,[cards] support lowercase and Capitalized JSON values,https://github.com/microsoft/teams.ts/issues/132,3,"['enhancement', 'good first issue']",2025-04-09,2025-10-11
hashicorp/terraform-cdk,TypeScript,Support kubernetes backend,https://github.com/hashicorp/terraform-cdk/issues/1628,3,"['enhancement', 'good first issue', 'help wanted', 'cdktf', 'priority/backlog', 'core-parity', 'size/small']",2022-03-19,2023-06-01
huggingface/chat-ui,TypeScript,Add option for users to customize search engines in settings page,https://github.com/huggingface/chat-ui/issues/1756,4,"['enhancement', 'good first issue', 'front', 'back', 'websearch']",2025-03-15,2026-05-09
huggingface/chat-ui,TypeScript,Chrome app icon on macOS,https://github.com/huggingface/chat-ui/issues/1439,4,"['bug', 'good first issue']",2024-08-27,2026-05-07
huggingface/chat-ui,TypeScript,System prompt not taken into account when web browsing.,https://github.com/huggingface/chat-ui/issues/1159,4,"['enhancement', 'good first issue', 'back', 'websearch']",2024-05-22,2026-06-26
microsoft/genaiscript,TypeScript,Repository map example,https://github.com/microsoft/genaiscript/issues/982,4,"['good first issue', 'samples']",2025-01-07,2025-03-19
mattermost/mattermost,TypeScript,Help Wanted: BitBucket README > Split out admin content to child pages,https://github.com/mattermost/mattermost/issues/25176,4,"['Difficulty/1:Easy', 'Hacktoberfest', 'Good First Issue', 'Help Wanted', 'Tech/Markdown']",2023-10-26,2026-08-01
freeCodeCamp/chapter,TypeScript,Consolidate email templates,https://github.com/freeCodeCamp/chapter/issues/2071,4,"['Help Wanted', 'API', 'Email', 'Good First Issue']",2022-12-08,2023-04-30
decentraland/marketplace,TypeScript,Create a high order component that redirects to the Sign In Page if the user is not connected,https://github.com/decentraland/marketplace/issues/1522,4,"['enhancement', 'good first issue']",2023-04-05,2023-04-10
layer5io/sistent,TypeScript,[Docs] update readme to include instructions to use npm link,https://github.com/layer5io/sistent/issues/999,5,"['area/docs', 'good first issue', 'help wanted', 'language/markdown']",2025-04-15,2025-06-17
huggingface/chat-ui,TypeScript,Disabling Reasoning Summary as an Env Option,https://github.com/huggingface/chat-ui/issues/1720,5,"['enhancement', 'good first issue', 'models']",2025-02-17,2025-03-31
microsoft/vscode-python-debugger,TypeScript,Add support for no-config debugging using nushell,https://github.com/microsoft/vscode-python-debugger/issues/647,5,"['good first issue', 'feature-request', 'needs community feedback']",2025-03-04,2026-01-22
mattermost/mattermost,TypeScript,Help Wanted: Channel Export README > Split out admin content to child pages,https://github.com/mattermost/mattermost/issues/25173,5,"['Difficulty/1:Easy', 'Hacktoberfest', 'Good First Issue', 'Help Wanted', 'Tech/Markdown']",2023-10-26,2025-10-28
microsoft/teams.ts,TypeScript,Automatically parse feedback value,https://github.com/microsoft/teams.ts/issues/184,7,"['enhancement', 'good first issue']",2025-04-26,2026-05-15
mattermost/mattermost,TypeScript,"[RN] Change ""Join"" button on sign in page keyboard to ""Go""",https://github.com/mattermost/mattermost/issues/26590,7,"['Difficulty/1:Easy', 'Tech/React Native', 'Good First Issue', 'Help Wanted']",2024-03-26,2026-06-24
huggingface/huggingface.js,TypeScript,Tracking integration for Video Classification,https://github.com/huggingface/huggingface.js/issues/332,8,"['good first issue', 'widgets', 'tasks']",2022-08-04,2023-11-24
mattermost/mattermost,TypeScript,Help Wanted: CircleCI README > Split out admin content to child pages,https://github.com/mattermost/mattermost/issues/25175,8,"['Difficulty/1:Easy', 'Hacktoberfest', 'Good First Issue', 'Help Wanted', 'Tech/Markdown']",2023-10-26,2026-05-24
mattermost/mattermost,TypeScript,Bitbucket plugin: Support for bitbucket Datacenter/server,https://github.com/mattermost/mattermost/issues/24188,10,"['Difficulty/1:Easy', 'Tech/Go', 'Docs/Needed', 'Hacktoberfest', 'Area/Integrations', 'Good First Issue', 'Help Wanted', 'Enhancement']",2023-08-04,2023-10-04
layer5io/sistent,TypeScript,[Feature] Add Support for Table Variants,https://github.com/layer5io/sistent/issues/992,11,"['good first issue', 'kind/enhancement']",2025-04-06,2026-08-05
mattermost/mattermost,TypeScript,Create config setting to always have the team sidebar visible,https://github.com/mattermost/mattermost/issues/18010,13,"['Difficulty/1:Easy', 'Tech/Go', 'Tech/ReactJS', 'Hacktoberfest', 'Good First Issue', 'Help Wanted']",2021-07-27,2024-10-18
mattermost/mattermost,TypeScript,Interactive Dialogs timeout forbiddingly short in slash command integrations ,https://github.com/mattermost/mattermost/issues/21901,14,"['Difficulty/1:Easy', 'Tech/Go', 'Good First Issue', 'Help Wanted']",2022-12-16,2026-02-24
mattermost/mattermost,TypeScript,Mobile | Inconsistant channel updated info message on web and mobile,https://github.com/mattermost/mattermost/issues/26917,15,"['Difficulty/1:Easy', 'Tech/React Native', 'Good First Issue', 'Help Wanted']",2024-04-29,2026-05-21
microsoft/Power-CAT-Copilot-Studio-Kit,TypeScript,Bug: Conversation KPIs dashboard is blank even though all the related flows are enabled and prerequisites are met,https://github.com/microsoft/Power-CAT-Copilot-Studio-Kit/issues/746,16,['good first issue'],2026-06-09,2026-07-30
freeCodeCamp/chapter,TypeScript,Good first issues,https://github.com/freeCodeCamp/chapter/issues/691,18,['Good First Issue'],2021-08-18,2025-09-25
mattermost/mattermost,TypeScript,Mobile Web View: Text is cut off in channel dropdown > channel actions,https://github.com/mattermost/mattermost/issues/25165,19,"['Difficulty/1:Easy', 'Tech/ReactJS', 'Hacktoberfest', 'Good First Issue', 'Help Wanted']",2023-10-26,2026-06-22
mattermost/mattermost,TypeScript,Increase max height of the Find Channels modal,https://github.com/mattermost/mattermost/issues/21558,22,"['Hacktoberfest', 'Good First Issue', 'Help Wanted']",2022-10-31,2026-08-05
mattermost/mattermost,TypeScript,Improve the grammar on Account Creation Screen if the email address you entered does not belong to the accepted domain,https://github.com/mattermost/mattermost/issues/15927,24,"['Difficulty/1:Easy', 'Hacktoberfest', 'Area/End User Feature', 'Good First Issue', 'Help Wanted']",2020-10-12,2026-08-04
mattermost/mattermost,TypeScript,`Unable to find manifest for extracted plugin` when using `make deploy`,https://github.com/mattermost/mattermost/issues/22614,27,"['Difficulty/1:Easy', 'Tech/Go', 'Good First Issue', 'Help Wanted']",2023-03-23,2023-08-11
mattermost/mattermost,TypeScript,Fix all initialism errors in the codebase,https://github.com/mattermost/mattermost/issues/16623,27,"['Difficulty/1:Easy', 'Tech/Go', 'Hacktoberfest', 'Good First Issue', 'Help Wanted']",2021-01-04,2025-11-24
microsoft/vscode,TypeScript,Review AsyncIterableObject usage: potential memory leaks and migration to AsyncIterableProducer,https://github.com/microsoft/vscode/issues/256854,30,"['help wanted', 'debt', 'good first issue', 'perf']",2025-07-19,2026-06-30
mattermost/mattermost,TypeScript,Mobile: Slight horizontal indent difference after first line,https://github.com/mattermost/mattermost/issues/27377,36,"['Difficulty/1:Easy', 'Tech/React Native', 'Good First Issue', 'Help Wanted']",2024-06-17,2026-08-07
microsoft/vscode,TypeScript,"Disabled and enabled (workspace) extension Disable button dropdown contains both ""Disable"" and ""Disable (Workspace)"" items",https://github.com/microsoft/vscode/issues/244138,39,"['bug', 'help wanted', 'good first issue', 'extensions']",2025-03-20,2026-08-10
godotengine/godot-docs,reStructuredText,make_canvas_position_local,https://github.com/godotengine/godot-docs/issues/8313,1,"['enhancement', 'good first issue', 'area:class reference']",2023-10-23,2024-12-15
godotengine/godot-docs,reStructuredText,Inconsistent code example between PhysicsShapeQueryParameters3D and PhysicsServer3D,https://github.com/godotengine/godot-docs/issues/8305,1,"['enhancement', 'good first issue', 'area:class reference']",2023-10-22,2024-12-14
godotengine/godot-docs,reStructuredText,Physics2DDirectSpaceState does not specify local or global coordinates,https://github.com/godotengine/godot-docs/issues/3299,2,"['enhancement', 'good first issue', 'area:class reference', 'topic:physics']",2020-03-24,2026-02-05
